-- phpMyAdmin SQL Dump
-- version 5.2.0
-- https://www.phpmyadmin.net/
--
-- Servidor: 127.0.0.1
-- Tiempo de generación: 20-04-2024 a las 12:23:26
-- Versión del servidor: 10.4.27-MariaDB
-- Versión de PHP: 8.2.0

SET SQL_MODE = "NO_AUTO_VALUE_ON_ZERO";
START TRANSACTION;
SET time_zone = "+00:00";


/*!40101 SET @OLD_CHARACTER_SET_CLIENT=@@CHARACTER_SET_CLIENT */;
/*!40101 SET @OLD_CHARACTER_SET_RESULTS=@@CHARACTER_SET_RESULTS */;
/*!40101 SET @OLD_COLLATION_CONNECTION=@@COLLATION_CONNECTION */;
/*!40101 SET NAMES utf8mb4 */;

--
-- Base de datos: `sw_validacioncuentas`
--

-- --------------------------------------------------------

--
-- Estructura de tabla para la tabla `archivos`
--

CREATE TABLE `archivos` (
  `arc_id` int(11) NOT NULL,
  `arc_nombre` varchar(255) DEFAULT NULL,
  `arc_ruta` varchar(255) DEFAULT NULL,
  `arc_total` int(11) DEFAULT NULL,
  `arc_subido` int(11) DEFAULT NULL,
  `arc_usu_id` int(11) DEFAULT NULL,
  `arc_fecha_reg` datetime DEFAULT current_timestamp() ON UPDATE current_timestamp(),
  `arc_origen` int(1) NOT NULL DEFAULT 1,
  `arc_estado` int(1) DEFAULT 1
) ENGINE=InnoDB DEFAULT CHARSET=utf8mb4 COLLATE=utf8mb4_general_ci;

--
-- Volcado de datos para la tabla `archivos`
--

INSERT INTO `archivos` (`arc_id`, `arc_nombre`, `arc_ruta`, `arc_total`, `arc_subido`, `arc_usu_id`, `arc_fecha_reg`, `arc_origen`, `arc_estado`) VALUES
(1, 'Excel_pruebas.xlsx', 'archivos/subirdatos/s20240419195214.xlsx', 504, 503, 1, '2024-04-19 19:52:14', 1, 1),
(2, 'Excel_pruebas - copia.xlsx', 'archivos/subirdatos/s20240419200628.xlsx', 504, 1, 1, '2024-04-19 20:06:28', 1, 1);

-- --------------------------------------------------------

--
-- Estructura de tabla para la tabla `datos`
--

CREATE TABLE `datos` (
  `dat_id` int(11) NOT NULL,
  `dat_nombres` varchar(255) DEFAULT NULL,
  `dat_apellidos` varchar(255) DEFAULT NULL,
  `dat_nombres_completos` varchar(255) DEFAULT NULL,
  `dat_email` varchar(255) DEFAULT NULL,
  `dat_estado` varchar(50) DEFAULT NULL,
  `dat_ultimo_acceso` datetime DEFAULT NULL,
  `dat_espacio_uso` varchar(50) DEFAULT NULL,
  `dat_codigo` varchar(20) DEFAULT NULL,
  `dat_dni` varchar(15) DEFAULT NULL,
  `dat_celular` varchar(15) DEFAULT NULL,
  `dat_correo_personal` varchar(150) DEFAULT NULL,
  `dat_facultad` varchar(255) DEFAULT NULL,
  `dat_escuela` varchar(255) DEFAULT NULL,
  `dat_sede` varchar(200) DEFAULT NULL,
  `dat_origen` int(1) DEFAULT NULL COMMENT '1=>Subir data,2=>Generar data',
  `dat_arc_id` int(11) DEFAULT NULL COMMENT 'Archivo excel  con que se subio',
  `dat_fecha_reg` datetime NOT NULL DEFAULT current_timestamp(),
  `dat_usu_id` int(11) NOT NULL,
  `dat_activo` int(1) DEFAULT 1
) ENGINE=InnoDB DEFAULT CHARSET=utf8mb4 COLLATE=utf8mb4_general_ci;

--
-- Volcado de datos para la tabla `datos`
--

INSERT INTO `datos` (`dat_id`, `dat_nombres`, `dat_apellidos`, `dat_nombres_completos`, `dat_email`, `dat_estado`, `dat_ultimo_acceso`, `dat_espacio_uso`, `dat_codigo`, `dat_dni`, `dat_celular`, `dat_correo_personal`, `dat_facultad`, `dat_escuela`, `dat_sede`, `dat_origen`, `dat_arc_id`, `dat_fecha_reg`, `dat_usu_id`, `dat_activo`) VALUES
(1, 'Nombre 1', 'Apellido_1', 'Nombre 1 Apellido_1', 'NApellido_1@gmail.com', 'Activo', '0000-00-00 00:00:00', '97.62GB', NULL, NULL, NULL, NULL, NULL, NULL, NULL, 1, 1, '2024-04-19 19:52:14', 1, 1),
(2, 'Nombre 2', 'Apellido_2', 'Nombre 2 Apellido_2', 'NApellido_2@gmail.com', 'Activo', '0000-00-00 00:00:00', '51.87GB', NULL, NULL, NULL, NULL, NULL, NULL, NULL, 1, 1, '2024-04-19 19:52:14', 1, 1),
(3, 'Nombre 3', 'Apellido_3', 'Nombre 3 Apellido_3', 'NApellido_3@gmail.com', 'Activo', '0000-00-00 00:00:00', '46.35GB', NULL, NULL, NULL, NULL, NULL, NULL, NULL, 1, 1, '2024-04-19 19:52:14', 1, 1),
(4, 'Nombre 4', 'Apellido_4', 'Nombre 4 Apellido_4', 'NApellido_4@gmail.com', 'Activo', '0000-00-00 00:00:00', '84.3GB', NULL, NULL, NULL, NULL, NULL, NULL, NULL, 1, 1, '2024-04-19 19:52:14', 1, 1),
(5, 'Nombre 5', 'Apellido_5', 'Nombre 5 Apellido_5', 'NApellido_5@gmail.com', 'Activo', '0000-00-00 00:00:00', '84.86GB', NULL, NULL, NULL, NULL, NULL, NULL, NULL, 1, 1, '2024-04-19 19:52:14', 1, 1),
(6, 'Nombre 6', 'Apellido_6', 'Nombre 6 Apellido_6', 'NApellido_6@gmail.com', 'Activo', '0000-00-00 00:00:00', '32.96GB', NULL, NULL, NULL, NULL, NULL, NULL, NULL, 1, 1, '2024-04-19 19:52:14', 1, 1),
(7, 'Nombre 7', 'Apellido_7', 'Nombre 7 Apellido_7', 'NApellido_7@gmail.com', 'Activo', '0000-00-00 00:00:00', '81.95GB', NULL, NULL, NULL, NULL, NULL, NULL, NULL, 1, 1, '2024-04-19 19:52:14', 1, 1),
(8, 'Nombre 8', 'Apellido_8', 'Nombre 8 Apellido_8', 'NApellido_8@gmail.com', 'Activo', '0000-00-00 00:00:00', '64.96GB', NULL, NULL, NULL, NULL, NULL, NULL, NULL, 1, 1, '2024-04-19 19:52:14', 1, 1),
(9, 'Nombre 10', 'Apellido_10', 'Nombre 10 Apellido_10', 'NApellido_10@gmail.com', 'Activo', '0000-00-00 00:00:00', '4.73GB', NULL, NULL, NULL, NULL, NULL, NULL, NULL, 1, 1, '2024-04-19 19:52:14', 1, 1),
(10, 'Nombre 11', 'Apellido_11', 'Nombre 11 Apellido_11', 'NApellido_11@gmail.com', 'Activo', '0000-00-00 00:00:00', '72GB', NULL, NULL, NULL, NULL, NULL, NULL, NULL, 1, 1, '2024-04-19 19:52:14', 1, 1),
(11, 'Nombre 12', 'Apellido_12', 'Nombre 12 Apellido_12', 'NApellido_12@gmail.com', 'Activo', '0000-00-00 00:00:00', '44.51GB', NULL, NULL, NULL, NULL, NULL, NULL, NULL, 1, 1, '2024-04-19 19:52:14', 1, 1),
(12, 'Nombre 13', 'Apellido_13', 'Nombre 13 Apellido_13', 'NApellido_13@gmail.com', 'Activo', '0000-00-00 00:00:00', '37.01GB', NULL, NULL, NULL, NULL, NULL, NULL, NULL, 1, 1, '2024-04-19 19:52:14', 1, 1),
(13, 'Nombre 14', 'Apellido_14', 'Nombre 14 Apellido_14', 'NApellido_14@gmail.com', 'Activo', '0000-00-00 00:00:00', '74.51GB', NULL, NULL, NULL, NULL, NULL, NULL, NULL, 1, 1, '2024-04-19 19:52:14', 1, 1),
(14, 'Nombre 15', 'Apellido_15', 'Nombre 15 Apellido_15', 'NApellido_15@gmail.com', 'Activo', '0000-00-00 00:00:00', '20.37GB', NULL, NULL, NULL, NULL, NULL, NULL, NULL, 1, 1, '2024-04-19 19:52:14', 1, 1),
(15, 'Nombre 16', 'Apellido_16', 'Nombre 16 Apellido_16', 'NApellido_16@gmail.com', 'Activo', '0000-00-00 00:00:00', '89.25GB', NULL, NULL, NULL, NULL, NULL, NULL, NULL, 1, 1, '2024-04-19 19:52:14', 1, 1),
(16, 'Nombre 17', 'Apellido_17', 'Nombre 17 Apellido_17', 'NApellido_17@gmail.com', 'Activo', '0000-00-00 00:00:00', '11.7GB', NULL, NULL, NULL, NULL, NULL, NULL, NULL, 1, 1, '2024-04-19 19:52:14', 1, 1),
(17, 'Nombre 18', 'Apellido_18', 'Nombre 18 Apellido_18', 'NApellido_18@gmail.com', 'Activo', '0000-00-00 00:00:00', '96.2GB', NULL, NULL, NULL, NULL, NULL, NULL, NULL, 1, 1, '2024-04-19 19:52:14', 1, 1),
(18, 'Nombre 19', 'Apellido_19', 'Nombre 19 Apellido_19', 'NApellido_19@gmail.com', 'Activo', '0000-00-00 00:00:00', '80.73GB', NULL, NULL, NULL, NULL, NULL, NULL, NULL, 1, 1, '2024-04-19 19:52:14', 1, 1),
(19, 'Nombre 20', 'Apellido_20', 'Nombre 20 Apellido_20', 'NApellido_20@gmail.com', 'Activo', '0000-00-00 00:00:00', '22.95GB', NULL, NULL, NULL, NULL, NULL, NULL, NULL, 1, 1, '2024-04-19 19:52:14', 1, 1),
(20, 'Nombre 21', 'Apellido_21', 'Nombre 21 Apellido_21', 'NApellido_21@gmail.com', 'Activo', '0000-00-00 00:00:00', '38.84GB', NULL, NULL, NULL, NULL, NULL, NULL, NULL, 1, 1, '2024-04-19 19:52:14', 1, 1),
(21, 'Nombre 22', 'Apellido_22', 'Nombre 22 Apellido_22', 'NApellido_22@gmail.com', 'Activo', '0000-00-00 00:00:00', '36.89GB', NULL, NULL, NULL, NULL, NULL, NULL, NULL, 1, 1, '2024-04-19 19:52:14', 1, 1),
(22, 'Nombre 23', 'Apellido_23', 'Nombre 23 Apellido_23', 'NApellido_23@gmail.com', 'Activo', '0000-00-00 00:00:00', '55.2GB', NULL, NULL, NULL, NULL, NULL, NULL, NULL, 1, 1, '2024-04-19 19:52:14', 1, 1),
(23, 'Nombre 24', 'Apellido_24', 'Nombre 24 Apellido_24', 'NApellido_24@gmail.com', 'Activo', '0000-00-00 00:00:00', '61.86GB', NULL, NULL, NULL, NULL, NULL, NULL, NULL, 1, 1, '2024-04-19 19:52:14', 1, 1),
(24, 'Nombre 25', 'Apellido_25', 'Nombre 25 Apellido_25', 'NApellido_25@gmail.com', 'Activo', '0000-00-00 00:00:00', '36.3GB', NULL, NULL, NULL, NULL, NULL, NULL, NULL, 1, 1, '2024-04-19 19:52:14', 1, 1),
(25, 'Nombre 26', 'Apellido_26', 'Nombre 26 Apellido_26', 'NApellido_26@gmail.com', 'Activo', '0000-00-00 00:00:00', '98.19GB', NULL, NULL, NULL, NULL, NULL, NULL, NULL, 1, 1, '2024-04-19 19:52:14', 1, 1),
(26, 'Nombre 27', 'Apellido_27', 'Nombre 27 Apellido_27', 'NApellido_27@gmail.com', 'Activo', '0000-00-00 00:00:00', '60.24GB', NULL, NULL, NULL, NULL, NULL, NULL, NULL, 1, 1, '2024-04-19 19:52:14', 1, 1),
(27, 'Nombre 28', 'Apellido_28', 'Nombre 28 Apellido_28', 'NApellido_28@gmail.com', 'Activo', '0000-00-00 00:00:00', '26.98GB', NULL, NULL, NULL, NULL, NULL, NULL, NULL, 1, 1, '2024-04-19 19:52:14', 1, 1),
(28, 'Nombre 29', 'Apellido_29', 'Nombre 29 Apellido_29', 'NApellido_29@gmail.com', 'Activo', '0000-00-00 00:00:00', '2.05GB', NULL, NULL, NULL, NULL, NULL, NULL, NULL, 1, 1, '2024-04-19 19:52:14', 1, 1),
(29, 'Nombre 30', 'Apellido_30', 'Nombre 30 Apellido_30', 'NApellido_30@gmail.com', 'Activo', '0000-00-00 00:00:00', '39.21GB', NULL, NULL, NULL, NULL, NULL, NULL, NULL, 1, 1, '2024-04-19 19:52:14', 1, 1),
(30, 'Nombre 31', 'Apellido_31', 'Nombre 31 Apellido_31', 'NApellido_31@gmail.com', 'Activo', '0000-00-00 00:00:00', '52.43GB', NULL, NULL, NULL, NULL, NULL, NULL, NULL, 1, 1, '2024-04-19 19:52:14', 1, 1),
(31, 'Nombre 32', 'Apellido_32', 'Nombre 32 Apellido_32', 'NApellido_32@gmail.com', 'Activo', '0000-00-00 00:00:00', '59.55GB', NULL, NULL, NULL, NULL, NULL, NULL, NULL, 1, 1, '2024-04-19 19:52:14', 1, 1),
(32, 'Nombre 33', 'Apellido_33', 'Nombre 33 Apellido_33', 'NApellido_33@gmail.com', 'Activo', '0000-00-00 00:00:00', '89.36GB', NULL, NULL, NULL, NULL, NULL, NULL, NULL, 1, 1, '2024-04-19 19:52:14', 1, 1),
(33, 'Nombre 34', 'Apellido_34', 'Nombre 34 Apellido_34', 'NApellido_34@gmail.com', 'Activo', '0000-00-00 00:00:00', '55.98GB', NULL, NULL, NULL, NULL, NULL, NULL, NULL, 1, 1, '2024-04-19 19:52:14', 1, 1),
(34, 'Nombre 35', 'Apellido_35', 'Nombre 35 Apellido_35', 'NApellido_35@gmail.com', 'Activo', '0000-00-00 00:00:00', '27.54GB', NULL, NULL, NULL, NULL, NULL, NULL, NULL, 1, 1, '2024-04-19 19:52:14', 1, 1),
(35, 'Nombre 36', 'Apellido_36', 'Nombre 36 Apellido_36', 'NApellido_36@gmail.com', 'Activo', '0000-00-00 00:00:00', '95.36GB', NULL, NULL, NULL, NULL, NULL, NULL, NULL, 1, 1, '2024-04-19 19:52:14', 1, 1),
(36, 'Nombre 37', 'Apellido_37', 'Nombre 37 Apellido_37', 'NApellido_37@gmail.com', 'Activo', '0000-00-00 00:00:00', '27.79GB', NULL, NULL, NULL, NULL, NULL, NULL, NULL, 1, 1, '2024-04-19 19:52:14', 1, 1),
(37, 'Nombre 38', 'Apellido_38', 'Nombre 38 Apellido_38', 'NApellido_38@gmail.com', 'Activo', '0000-00-00 00:00:00', '30.74GB', NULL, NULL, NULL, NULL, NULL, NULL, NULL, 1, 1, '2024-04-19 19:52:14', 1, 1),
(38, 'Nombre 39', 'Apellido_39', 'Nombre 39 Apellido_39', 'NApellido_39@gmail.com', 'Activo', '0000-00-00 00:00:00', '3.09GB', NULL, NULL, NULL, NULL, NULL, NULL, NULL, 1, 1, '2024-04-19 19:52:14', 1, 1),
(39, 'Nombre 40', 'Apellido_40', 'Nombre 40 Apellido_40', 'NApellido_40@gmail.com', 'Activo', '0000-00-00 00:00:00', '31.63GB', NULL, NULL, NULL, NULL, NULL, NULL, NULL, 1, 1, '2024-04-19 19:52:14', 1, 1),
(40, 'Nombre 41', 'Apellido_41', 'Nombre 41 Apellido_41', 'NApellido_41@gmail.com', 'Activo', '0000-00-00 00:00:00', '53.08GB', NULL, NULL, NULL, NULL, NULL, NULL, NULL, 1, 1, '2024-04-19 19:52:14', 1, 1),
(41, 'Nombre 42', 'Apellido_42', 'Nombre 42 Apellido_42', 'NApellido_42@gmail.com', 'Activo', '0000-00-00 00:00:00', '6.27GB', NULL, NULL, NULL, NULL, NULL, NULL, NULL, 1, 1, '2024-04-19 19:52:14', 1, 1),
(42, 'Nombre 43', 'Apellido_43', 'Nombre 43 Apellido_43', 'NApellido_43@gmail.com', 'Activo', '0000-00-00 00:00:00', '25GB', NULL, NULL, NULL, NULL, NULL, NULL, NULL, 1, 1, '2024-04-19 19:52:14', 1, 1),
(43, 'Nombre 44', 'Apellido_44', 'Nombre 44 Apellido_44', 'NApellido_44@gmail.com', 'Activo', '0000-00-00 00:00:00', '55.85GB', NULL, NULL, NULL, NULL, NULL, NULL, NULL, 1, 1, '2024-04-19 19:52:14', 1, 1),
(44, 'Nombre 45', 'Apellido_45', 'Nombre 45 Apellido_45', 'NApellido_45@gmail.com', 'Activo', '0000-00-00 00:00:00', '52.51GB', NULL, NULL, NULL, NULL, NULL, NULL, NULL, 1, 1, '2024-04-19 19:52:14', 1, 1),
(45, 'Nombre 46', 'Apellido_46', 'Nombre 46 Apellido_46', 'NApellido_46@gmail.com', 'Activo', '0000-00-00 00:00:00', '91.43GB', NULL, NULL, NULL, NULL, NULL, NULL, NULL, 1, 1, '2024-04-19 19:52:14', 1, 1),
(46, 'Nombre 47', 'Apellido_47', 'Nombre 47 Apellido_47', 'NApellido_47@gmail.com', 'Activo', '0000-00-00 00:00:00', '13.06GB', NULL, NULL, NULL, NULL, NULL, NULL, NULL, 1, 1, '2024-04-19 19:52:14', 1, 1),
(47, 'Nombre 48', 'Apellido_48', 'Nombre 48 Apellido_48', 'NApellido_48@gmail.com', 'Activo', '0000-00-00 00:00:00', '71.98GB', NULL, NULL, NULL, NULL, NULL, NULL, NULL, 1, 1, '2024-04-19 19:52:14', 1, 1),
(48, 'Nombre 49', 'Apellido_49', 'Nombre 49 Apellido_49', 'NApellido_49@gmail.com', 'Activo', '0000-00-00 00:00:00', '40.19GB', NULL, NULL, NULL, NULL, NULL, NULL, NULL, 1, 1, '2024-04-19 19:52:14', 1, 1),
(49, 'Nombre 50', 'Apellido_50', 'Nombre 50 Apellido_50', 'NApellido_50@gmail.com', 'Activo', '0000-00-00 00:00:00', '44.38GB', NULL, NULL, NULL, NULL, NULL, NULL, NULL, 1, 1, '2024-04-19 19:52:14', 1, 1),
(50, 'Nombre 51', 'Apellido_51', 'Nombre 51 Apellido_51', 'NApellido_51@gmail.com', 'Activo', '0000-00-00 00:00:00', '93.53GB', NULL, NULL, NULL, NULL, NULL, NULL, NULL, 1, 1, '2024-04-19 19:52:14', 1, 1),
(51, 'Nombre 52', 'Apellido_52', 'Nombre 52 Apellido_52', 'NApellido_52@gmail.com', 'Activo', '0000-00-00 00:00:00', '3.74GB', NULL, NULL, NULL, NULL, NULL, NULL, NULL, 1, 1, '2024-04-19 19:52:14', 1, 1),
(52, 'Nombre 53', 'Apellido_53', 'Nombre 53 Apellido_53', 'NApellido_53@gmail.com', 'Activo', '0000-00-00 00:00:00', '32.31GB', NULL, NULL, NULL, NULL, NULL, NULL, NULL, 1, 1, '2024-04-19 19:52:14', 1, 1),
(53, 'Nombre 54', 'Apellido_54', 'Nombre 54 Apellido_54', 'NApellido_54@gmail.com', 'Activo', '0000-00-00 00:00:00', '47.2GB', NULL, NULL, NULL, NULL, NULL, NULL, NULL, 1, 1, '2024-04-19 19:52:14', 1, 1),
(54, 'Nombre 55', 'Apellido_55', 'Nombre 55 Apellido_55', 'NApellido_55@gmail.com', 'Activo', '0000-00-00 00:00:00', '79.58GB', NULL, NULL, NULL, NULL, NULL, NULL, NULL, 1, 1, '2024-04-19 19:52:14', 1, 1),
(55, 'Nombre 56', 'Apellido_56', 'Nombre 56 Apellido_56', 'NApellido_56@gmail.com', 'Activo', '0000-00-00 00:00:00', '59.54GB', NULL, NULL, NULL, NULL, NULL, NULL, NULL, 1, 1, '2024-04-19 19:52:14', 1, 1),
(56, 'Nombre 57', 'Apellido_57', 'Nombre 57 Apellido_57', 'NApellido_57@gmail.com', 'Activo', '0000-00-00 00:00:00', '34.73GB', NULL, NULL, NULL, NULL, NULL, NULL, NULL, 1, 1, '2024-04-19 19:52:14', 1, 1),
(57, 'Nombre 58', 'Apellido_58', 'Nombre 58 Apellido_58', 'NApellido_58@gmail.com', 'Activo', '0000-00-00 00:00:00', '24.01GB', NULL, NULL, NULL, NULL, NULL, NULL, NULL, 1, 1, '2024-04-19 19:52:14', 1, 1),
(58, 'Nombre 59', 'Apellido_59', 'Nombre 59 Apellido_59', 'NApellido_59@gmail.com', 'Activo', '0000-00-00 00:00:00', '39.81GB', NULL, NULL, NULL, NULL, NULL, NULL, NULL, 1, 1, '2024-04-19 19:52:14', 1, 1),
(59, 'Nombre 60', 'Apellido_60', 'Nombre 60 Apellido_60', 'NApellido_60@gmail.com', 'Activo', '0000-00-00 00:00:00', '38.32GB', NULL, NULL, NULL, NULL, NULL, NULL, NULL, 1, 1, '2024-04-19 19:52:14', 1, 1),
(60, 'Nombre 61', 'Apellido_61', 'Nombre 61 Apellido_61', 'NApellido_61@gmail.com', 'Activo', '0000-00-00 00:00:00', '9.71GB', NULL, NULL, NULL, NULL, NULL, NULL, NULL, 1, 1, '2024-04-19 19:52:14', 1, 1),
(61, 'Nombre 62', 'Apellido_62', 'Nombre 62 Apellido_62', 'NApellido_62@gmail.com', 'Activo', '0000-00-00 00:00:00', '30.61GB', NULL, NULL, NULL, NULL, NULL, NULL, NULL, 1, 1, '2024-04-19 19:52:14', 1, 1),
(62, 'Nombre 63', 'Apellido_63', 'Nombre 63 Apellido_63', 'NApellido_63@gmail.com', 'Activo', '0000-00-00 00:00:00', '73.5GB', NULL, NULL, NULL, NULL, NULL, NULL, NULL, 1, 1, '2024-04-19 19:52:14', 1, 1),
(63, 'Nombre 64', 'Apellido_64', 'Nombre 64 Apellido_64', 'NApellido_64@gmail.com', 'Activo', '0000-00-00 00:00:00', '78.44GB', NULL, NULL, NULL, NULL, NULL, NULL, NULL, 1, 1, '2024-04-19 19:52:14', 1, 1),
(64, 'Nombre 65', 'Apellido_65', 'Nombre 65 Apellido_65', 'NApellido_65@gmail.com', 'Activo', '0000-00-00 00:00:00', '72.88GB', NULL, NULL, NULL, NULL, NULL, NULL, NULL, 1, 1, '2024-04-19 19:52:14', 1, 1),
(65, 'Nombre 66', 'Apellido_66', 'Nombre 66 Apellido_66', 'NApellido_66@gmail.com', 'Activo', '0000-00-00 00:00:00', '61.52GB', NULL, NULL, NULL, NULL, NULL, NULL, NULL, 1, 1, '2024-04-19 19:52:14', 1, 1),
(66, 'Nombre 67', 'Apellido_67', 'Nombre 67 Apellido_67', 'NApellido_67@gmail.com', 'Activo', '0000-00-00 00:00:00', '96.26GB', NULL, NULL, NULL, NULL, NULL, NULL, NULL, 1, 1, '2024-04-19 19:52:14', 1, 1),
(67, 'Nombre 68', 'Apellido_68', 'Nombre 68 Apellido_68', 'NApellido_68@gmail.com', 'Activo', '0000-00-00 00:00:00', '87.69GB', NULL, NULL, NULL, NULL, NULL, NULL, NULL, 1, 1, '2024-04-19 19:52:14', 1, 1),
(68, 'Nombre 69', 'Apellido_69', 'Nombre 69 Apellido_69', 'NApellido_69@gmail.com', 'Activo', '0000-00-00 00:00:00', '63.97GB', NULL, NULL, NULL, NULL, NULL, NULL, NULL, 1, 1, '2024-04-19 19:52:14', 1, 1),
(69, 'Nombre 70', 'Apellido_70', 'Nombre 70 Apellido_70', 'NApellido_70@gmail.com', 'Activo', '0000-00-00 00:00:00', '13.9GB', NULL, NULL, NULL, NULL, NULL, NULL, NULL, 1, 1, '2024-04-19 19:52:14', 1, 1),
(70, 'Nombre 71', 'Apellido_71', 'Nombre 71 Apellido_71', 'NApellido_71@gmail.com', 'Activo', '0000-00-00 00:00:00', '62.55GB', NULL, NULL, NULL, NULL, NULL, NULL, NULL, 1, 1, '2024-04-19 19:52:14', 1, 1),
(71, 'Nombre 72', 'Apellido_72', 'Nombre 72 Apellido_72', 'NApellido_72@gmail.com', 'Activo', '0000-00-00 00:00:00', '59.73GB', NULL, NULL, NULL, NULL, NULL, NULL, NULL, 1, 1, '2024-04-19 19:52:14', 1, 1),
(72, 'Nombre 73', 'Apellido_73', 'Nombre 73 Apellido_73', 'NApellido_73@gmail.com', 'Activo', '0000-00-00 00:00:00', '95.81GB', NULL, NULL, NULL, NULL, NULL, NULL, NULL, 1, 1, '2024-04-19 19:52:14', 1, 1),
(73, 'Nombre 74', 'Apellido_74', 'Nombre 74 Apellido_74', 'NApellido_74@gmail.com', 'Activo', '0000-00-00 00:00:00', '10.25GB', NULL, NULL, NULL, NULL, NULL, NULL, NULL, 1, 1, '2024-04-19 19:52:14', 1, 1),
(74, 'Nombre 75', 'Apellido_75', 'Nombre 75 Apellido_75', 'NApellido_75@gmail.com', 'Activo', '0000-00-00 00:00:00', '62.31GB', NULL, NULL, NULL, NULL, NULL, NULL, NULL, 1, 1, '2024-04-19 19:52:14', 1, 1),
(75, 'Nombre 76', 'Apellido_76', 'Nombre 76 Apellido_76', 'NApellido_76@gmail.com', 'Activo', '0000-00-00 00:00:00', '44.04GB', NULL, NULL, NULL, NULL, NULL, NULL, NULL, 1, 1, '2024-04-19 19:52:14', 1, 1),
(76, 'Nombre 77', 'Apellido_77', 'Nombre 77 Apellido_77', 'NApellido_77@gmail.com', 'Activo', '0000-00-00 00:00:00', '14.36GB', NULL, NULL, NULL, NULL, NULL, NULL, NULL, 1, 1, '2024-04-19 19:52:14', 1, 1),
(77, 'Nombre 78', 'Apellido_78', 'Nombre 78 Apellido_78', 'NApellido_78@gmail.com', 'Activo', '0000-00-00 00:00:00', '71.08GB', NULL, NULL, NULL, NULL, NULL, NULL, NULL, 1, 1, '2024-04-19 19:52:14', 1, 1),
(78, 'Nombre 79', 'Apellido_79', 'Nombre 79 Apellido_79', 'NApellido_79@gmail.com', 'Activo', '0000-00-00 00:00:00', '81.54GB', NULL, NULL, NULL, NULL, NULL, NULL, NULL, 1, 1, '2024-04-19 19:52:14', 1, 1),
(79, 'Nombre 80', 'Apellido_80', 'Nombre 80 Apellido_80', 'NApellido_80@gmail.com', 'Activo', '0000-00-00 00:00:00', '87.86GB', NULL, NULL, NULL, NULL, NULL, NULL, NULL, 1, 1, '2024-04-19 19:52:14', 1, 1),
(80, 'Nombre 81', 'Apellido_81', 'Nombre 81 Apellido_81', 'NApellido_81@gmail.com', 'Activo', '0000-00-00 00:00:00', '11.97GB', NULL, NULL, NULL, NULL, NULL, NULL, NULL, 1, 1, '2024-04-19 19:52:14', 1, 1),
(81, 'Nombre 82', 'Apellido_82', 'Nombre 82 Apellido_82', 'NApellido_82@gmail.com', 'Activo', '0000-00-00 00:00:00', '90.4GB', NULL, NULL, NULL, NULL, NULL, NULL, NULL, 1, 1, '2024-04-19 19:52:14', 1, 1),
(82, 'Nombre 83', 'Apellido_83', 'Nombre 83 Apellido_83', 'NApellido_83@gmail.com', 'Activo', '0000-00-00 00:00:00', '55.69GB', NULL, NULL, NULL, NULL, NULL, NULL, NULL, 1, 1, '2024-04-19 19:52:14', 1, 1),
(83, 'Nombre 84', 'Apellido_84', 'Nombre 84 Apellido_84', 'NApellido_84@gmail.com', 'Activo', '0000-00-00 00:00:00', '13.83GB', NULL, NULL, NULL, NULL, NULL, NULL, NULL, 1, 1, '2024-04-19 19:52:14', 1, 1),
(84, 'Nombre 85', 'Apellido_85', 'Nombre 85 Apellido_85', 'NApellido_85@gmail.com', 'Activo', '0000-00-00 00:00:00', '21.53GB', NULL, NULL, NULL, NULL, NULL, NULL, NULL, 1, 1, '2024-04-19 19:52:14', 1, 1),
(85, 'Nombre 86', 'Apellido_86', 'Nombre 86 Apellido_86', 'NApellido_86@gmail.com', 'Activo', '0000-00-00 00:00:00', '60.72GB', NULL, NULL, NULL, NULL, NULL, NULL, NULL, 1, 1, '2024-04-19 19:52:14', 1, 1),
(86, 'Nombre 87', 'Apellido_87', 'Nombre 87 Apellido_87', 'NApellido_87@gmail.com', 'Activo', '0000-00-00 00:00:00', '98.38GB', NULL, NULL, NULL, NULL, NULL, NULL, NULL, 1, 1, '2024-04-19 19:52:14', 1, 1),
(87, 'Nombre 88', 'Apellido_88', 'Nombre 88 Apellido_88', 'NApellido_88@gmail.com', 'Activo', '0000-00-00 00:00:00', '83.45GB', NULL, NULL, NULL, NULL, NULL, NULL, NULL, 1, 1, '2024-04-19 19:52:14', 1, 1),
(88, 'Nombre 89', 'Apellido_89', 'Nombre 89 Apellido_89', 'NApellido_89@gmail.com', 'Activo', '0000-00-00 00:00:00', '64.65GB', NULL, NULL, NULL, NULL, NULL, NULL, NULL, 1, 1, '2024-04-19 19:52:14', 1, 1),
(89, 'Nombre 90', 'Apellido_90', 'Nombre 90 Apellido_90', 'NApellido_90@gmail.com', 'Activo', '0000-00-00 00:00:00', '76.64GB', NULL, NULL, NULL, NULL, NULL, NULL, NULL, 1, 1, '2024-04-19 19:52:14', 1, 1),
(90, 'Nombre 91', 'Apellido_91', 'Nombre 91 Apellido_91', 'NApellido_91@gmail.com', 'Activo', '0000-00-00 00:00:00', '66.87GB', NULL, NULL, NULL, NULL, NULL, NULL, NULL, 1, 1, '2024-04-19 19:52:14', 1, 1),
(91, 'Nombre 92', 'Apellido_92', 'Nombre 92 Apellido_92', 'NApellido_92@gmail.com', 'Activo', '0000-00-00 00:00:00', '84.47GB', NULL, NULL, NULL, NULL, NULL, NULL, NULL, 1, 1, '2024-04-19 19:52:14', 1, 1),
(92, 'Nombre 93', 'Apellido_93', 'Nombre 93 Apellido_93', 'NApellido_93@gmail.com', 'Activo', '0000-00-00 00:00:00', '63.72GB', NULL, NULL, NULL, NULL, NULL, NULL, NULL, 1, 1, '2024-04-19 19:52:14', 1, 1),
(93, 'Nombre 94', 'Apellido_94', 'Nombre 94 Apellido_94', 'NApellido_94@gmail.com', 'Activo', '0000-00-00 00:00:00', '56.13GB', NULL, NULL, NULL, NULL, NULL, NULL, NULL, 1, 1, '2024-04-19 19:52:14', 1, 1),
(94, 'Nombre 95', 'Apellido_95', 'Nombre 95 Apellido_95', 'NApellido_95@gmail.com', 'Activo', '0000-00-00 00:00:00', '54.58GB', NULL, NULL, NULL, NULL, NULL, NULL, NULL, 1, 1, '2024-04-19 19:52:14', 1, 1),
(95, 'Nombre 96', 'Apellido_96', 'Nombre 96 Apellido_96', 'NApellido_96@gmail.com', 'Activo', '0000-00-00 00:00:00', '65.01GB', NULL, NULL, NULL, NULL, NULL, NULL, NULL, 1, 1, '2024-04-19 19:52:14', 1, 1),
(96, 'Nombre 97', 'Apellido_97', 'Nombre 97 Apellido_97', 'NApellido_97@gmail.com', 'Activo', '0000-00-00 00:00:00', '85.32GB', NULL, NULL, NULL, NULL, NULL, NULL, NULL, 1, 1, '2024-04-19 19:52:14', 1, 1),
(97, 'Nombre 98', 'Apellido_98', 'Nombre 98 Apellido_98', 'NApellido_98@gmail.com', 'Activo', '0000-00-00 00:00:00', '87.46GB', NULL, NULL, NULL, NULL, NULL, NULL, NULL, 1, 1, '2024-04-19 19:52:14', 1, 1),
(98, 'Nombre 99', 'Apellido_99', 'Nombre 99 Apellido_99', 'NApellido_99@gmail.com', 'Activo', '0000-00-00 00:00:00', '97.96GB', NULL, NULL, NULL, NULL, NULL, NULL, NULL, 1, 1, '2024-04-19 19:52:14', 1, 1),
(99, 'Nombre 100', 'Apellido_100', 'Nombre 100 Apellido_100', 'NApellido_100@gmail.com', 'Activo', '0000-00-00 00:00:00', '83.02GB', NULL, NULL, NULL, NULL, NULL, NULL, NULL, 1, 1, '2024-04-19 19:52:14', 1, 1),
(100, 'Nombre 101', 'Apellido_101', 'Nombre 101 Apellido_101', 'NApellido_101@gmail.com', 'Activo', '0000-00-00 00:00:00', '42.36GB', NULL, NULL, NULL, NULL, NULL, NULL, NULL, 1, 1, '2024-04-19 19:52:14', 1, 1),
(101, 'Nombre 102', 'Apellido_102', 'Nombre 102 Apellido_102', 'NApellido_102@gmail.com', 'Activo', '0000-00-00 00:00:00', '16.26GB', NULL, NULL, NULL, NULL, NULL, NULL, NULL, 1, 1, '2024-04-19 19:52:14', 1, 1),
(102, 'Nombre 103', 'Apellido_103', 'Nombre 103 Apellido_103', 'NApellido_103@gmail.com', 'Activo', '0000-00-00 00:00:00', '72.97GB', NULL, NULL, NULL, NULL, NULL, NULL, NULL, 1, 1, '2024-04-19 19:52:14', 1, 1),
(103, 'Nombre 104', 'Apellido_104', 'Nombre 104 Apellido_104', 'NApellido_104@gmail.com', 'Activo', '0000-00-00 00:00:00', '4.25GB', NULL, NULL, NULL, NULL, NULL, NULL, NULL, 1, 1, '2024-04-19 19:52:14', 1, 1),
(104, 'Nombre 105', 'Apellido_105', 'Nombre 105 Apellido_105', 'NApellido_105@gmail.com', 'Activo', '0000-00-00 00:00:00', '34.94GB', NULL, NULL, NULL, NULL, NULL, NULL, NULL, 1, 1, '2024-04-19 19:52:14', 1, 1),
(105, 'Nombre 106', 'Apellido_106', 'Nombre 106 Apellido_106', 'NApellido_106@gmail.com', 'Activo', '0000-00-00 00:00:00', '29.59GB', NULL, NULL, NULL, NULL, NULL, NULL, NULL, 1, 1, '2024-04-19 19:52:14', 1, 1),
(106, 'Nombre 107', 'Apellido_107', 'Nombre 107 Apellido_107', 'NApellido_107@gmail.com', 'Activo', '0000-00-00 00:00:00', '5.77GB', NULL, NULL, NULL, NULL, NULL, NULL, NULL, 1, 1, '2024-04-19 19:52:14', 1, 1),
(107, 'Nombre 108', 'Apellido_108', 'Nombre 108 Apellido_108', 'NApellido_108@gmail.com', 'Activo', '0000-00-00 00:00:00', '77.55GB', NULL, NULL, NULL, NULL, NULL, NULL, NULL, 1, 1, '2024-04-19 19:52:14', 1, 1),
(108, 'Nombre 109', 'Apellido_109', 'Nombre 109 Apellido_109', 'NApellido_109@gmail.com', 'Activo', '0000-00-00 00:00:00', '50.95GB', NULL, NULL, NULL, NULL, NULL, NULL, NULL, 1, 1, '2024-04-19 19:52:14', 1, 1),
(109, 'Nombre 110', 'Apellido_110', 'Nombre 110 Apellido_110', 'NApellido_110@gmail.com', 'Activo', '0000-00-00 00:00:00', '70.19GB', NULL, NULL, NULL, NULL, NULL, NULL, NULL, 1, 1, '2024-04-19 19:52:14', 1, 1),
(110, 'Nombre 111', 'Apellido_111', 'Nombre 111 Apellido_111', 'NApellido_111@gmail.com', 'Activo', '0000-00-00 00:00:00', '31.77GB', NULL, NULL, NULL, NULL, NULL, NULL, NULL, 1, 1, '2024-04-19 19:52:14', 1, 1),
(111, 'Nombre 112', 'Apellido_112', 'Nombre 112 Apellido_112', 'NApellido_112@gmail.com', 'Activo', '0000-00-00 00:00:00', '50.76GB', NULL, NULL, NULL, NULL, NULL, NULL, NULL, 1, 1, '2024-04-19 19:52:14', 1, 1),
(112, 'Nombre 113', 'Apellido_113', 'Nombre 113 Apellido_113', 'NApellido_113@gmail.com', 'Activo', '0000-00-00 00:00:00', '30.24GB', NULL, NULL, NULL, NULL, NULL, NULL, NULL, 1, 1, '2024-04-19 19:52:14', 1, 1),
(113, 'Nombre 114', 'Apellido_114', 'Nombre 114 Apellido_114', 'NApellido_114@gmail.com', 'Activo', '0000-00-00 00:00:00', '57.59GB', NULL, NULL, NULL, NULL, NULL, NULL, NULL, 1, 1, '2024-04-19 19:52:14', 1, 1),
(114, 'Nombre 115', 'Apellido_115', 'Nombre 115 Apellido_115', 'NApellido_115@gmail.com', 'Activo', '0000-00-00 00:00:00', '2.97GB', NULL, NULL, NULL, NULL, NULL, NULL, NULL, 1, 1, '2024-04-19 19:52:14', 1, 1),
(115, 'Nombre 116', 'Apellido_116', 'Nombre 116 Apellido_116', 'NApellido_116@gmail.com', 'Activo', '0000-00-00 00:00:00', '77.36GB', NULL, NULL, NULL, NULL, NULL, NULL, NULL, 1, 1, '2024-04-19 19:52:14', 1, 1),
(116, 'Nombre 117', 'Apellido_117', 'Nombre 117 Apellido_117', 'NApellido_117@gmail.com', 'Activo', '0000-00-00 00:00:00', '36.86GB', NULL, NULL, NULL, NULL, NULL, NULL, NULL, 1, 1, '2024-04-19 19:52:14', 1, 1),
(117, 'Nombre 118', 'Apellido_118', 'Nombre 118 Apellido_118', 'NApellido_118@gmail.com', 'Activo', '0000-00-00 00:00:00', '17.08GB', NULL, NULL, NULL, NULL, NULL, NULL, NULL, 1, 1, '2024-04-19 19:52:14', 1, 1),
(118, 'Nombre 119', 'Apellido_119', 'Nombre 119 Apellido_119', 'NApellido_119@gmail.com', 'Activo', '0000-00-00 00:00:00', '93.12GB', NULL, NULL, NULL, NULL, NULL, NULL, NULL, 1, 1, '2024-04-19 19:52:14', 1, 1),
(119, 'Nombre 120', 'Apellido_120', 'Nombre 120 Apellido_120', 'NApellido_120@gmail.com', 'Activo', '0000-00-00 00:00:00', '44.97GB', NULL, NULL, NULL, NULL, NULL, NULL, NULL, 1, 1, '2024-04-19 19:52:14', 1, 1),
(120, 'Nombre 121', 'Apellido_121', 'Nombre 121 Apellido_121', 'NApellido_121@gmail.com', 'Activo', '0000-00-00 00:00:00', '31.85GB', NULL, NULL, NULL, NULL, NULL, NULL, NULL, 1, 1, '2024-04-19 19:52:14', 1, 1),
(121, 'Nombre 122', 'Apellido_122', 'Nombre 122 Apellido_122', 'NApellido_122@gmail.com', 'Activo', '0000-00-00 00:00:00', '40.32GB', NULL, NULL, NULL, NULL, NULL, NULL, NULL, 1, 1, '2024-04-19 19:52:14', 1, 1),
(122, 'Nombre 123', 'Apellido_123', 'Nombre 123 Apellido_123', 'NApellido_123@gmail.com', 'Activo', '0000-00-00 00:00:00', '76.73GB', NULL, NULL, NULL, NULL, NULL, NULL, NULL, 1, 1, '2024-04-19 19:52:14', 1, 1),
(123, 'Nombre 124', 'Apellido_124', 'Nombre 124 Apellido_124', 'NApellido_124@gmail.com', 'Activo', '0000-00-00 00:00:00', '44.52GB', NULL, NULL, NULL, NULL, NULL, NULL, NULL, 1, 1, '2024-04-19 19:52:14', 1, 1),
(124, 'Nombre 125', 'Apellido_125', 'Nombre 125 Apellido_125', 'NApellido_125@gmail.com', 'Activo', '0000-00-00 00:00:00', '76.37GB', NULL, NULL, NULL, NULL, NULL, NULL, NULL, 1, 1, '2024-04-19 19:52:14', 1, 1),
(125, 'Nombre 126', 'Apellido_126', 'Nombre 126 Apellido_126', 'NApellido_126@gmail.com', 'Activo', '0000-00-00 00:00:00', '6.73GB', NULL, NULL, NULL, NULL, NULL, NULL, NULL, 1, 1, '2024-04-19 19:52:14', 1, 1),
(126, 'Nombre 127', 'Apellido_127', 'Nombre 127 Apellido_127', 'NApellido_127@gmail.com', 'Activo', '0000-00-00 00:00:00', '73.86GB', NULL, NULL, NULL, NULL, NULL, NULL, NULL, 1, 1, '2024-04-19 19:52:14', 1, 1),
(127, 'Nombre 128', 'Apellido_128', 'Nombre 128 Apellido_128', 'NApellido_128@gmail.com', 'Activo', '0000-00-00 00:00:00', '79.78GB', NULL, NULL, NULL, NULL, NULL, NULL, NULL, 1, 1, '2024-04-19 19:52:14', 1, 1),
(128, 'Nombre 129', 'Apellido_129', 'Nombre 129 Apellido_129', 'NApellido_129@gmail.com', 'Activo', '0000-00-00 00:00:00', '12.47GB', NULL, NULL, NULL, NULL, NULL, NULL, NULL, 1, 1, '2024-04-19 19:52:14', 1, 1),
(129, 'Nombre 130', 'Apellido_130', 'Nombre 130 Apellido_130', 'NApellido_130@gmail.com', 'Activo', '0000-00-00 00:00:00', '24.33GB', NULL, NULL, NULL, NULL, NULL, NULL, NULL, 1, 1, '2024-04-19 19:52:14', 1, 1),
(130, 'Nombre 131', 'Apellido_131', 'Nombre 131 Apellido_131', 'NApellido_131@gmail.com', 'Activo', '0000-00-00 00:00:00', '22.83GB', NULL, NULL, NULL, NULL, NULL, NULL, NULL, 1, 1, '2024-04-19 19:52:14', 1, 1),
(131, 'Nombre 132', 'Apellido_132', 'Nombre 132 Apellido_132', 'NApellido_132@gmail.com', 'Activo', '0000-00-00 00:00:00', '77.7GB', NULL, NULL, NULL, NULL, NULL, NULL, NULL, 1, 1, '2024-04-19 19:52:14', 1, 1),
(132, 'Nombre 133', 'Apellido_133', 'Nombre 133 Apellido_133', 'NApellido_133@gmail.com', 'Activo', '0000-00-00 00:00:00', '12.47GB', NULL, NULL, NULL, NULL, NULL, NULL, NULL, 1, 1, '2024-04-19 19:52:14', 1, 1),
(133, 'Nombre 134', 'Apellido_134', 'Nombre 134 Apellido_134', 'NApellido_134@gmail.com', 'Activo', '0000-00-00 00:00:00', '98.3GB', NULL, NULL, NULL, NULL, NULL, NULL, NULL, 1, 1, '2024-04-19 19:52:14', 1, 1),
(134, 'Nombre 135', 'Apellido_135', 'Nombre 135 Apellido_135', 'NApellido_135@gmail.com', 'Activo', '0000-00-00 00:00:00', '11.77GB', NULL, NULL, NULL, NULL, NULL, NULL, NULL, 1, 1, '2024-04-19 19:52:14', 1, 1),
(135, 'Nombre 136', 'Apellido_136', 'Nombre 136 Apellido_136', 'NApellido_136@gmail.com', 'Activo', '0000-00-00 00:00:00', '95.38GB', NULL, NULL, NULL, NULL, NULL, NULL, NULL, 1, 1, '2024-04-19 19:52:14', 1, 1),
(136, 'Nombre 137', 'Apellido_137', 'Nombre 137 Apellido_137', 'NApellido_137@gmail.com', 'Activo', '0000-00-00 00:00:00', '92.21GB', NULL, NULL, NULL, NULL, NULL, NULL, NULL, 1, 1, '2024-04-19 19:52:14', 1, 1),
(137, 'Nombre 138', 'Apellido_138', 'Nombre 138 Apellido_138', 'NApellido_138@gmail.com', 'Activo', '0000-00-00 00:00:00', '92.53GB', NULL, NULL, NULL, NULL, NULL, NULL, NULL, 1, 1, '2024-04-19 19:52:14', 1, 1),
(138, 'Nombre 139', 'Apellido_139', 'Nombre 139 Apellido_139', 'NApellido_139@gmail.com', 'Activo', '0000-00-00 00:00:00', '67.01GB', NULL, NULL, NULL, NULL, NULL, NULL, NULL, 1, 1, '2024-04-19 19:52:14', 1, 1),
(139, 'Nombre 140', 'Apellido_140', 'Nombre 140 Apellido_140', 'NApellido_140@gmail.com', 'Activo', '0000-00-00 00:00:00', '0.35GB', NULL, NULL, NULL, NULL, NULL, NULL, NULL, 1, 1, '2024-04-19 19:52:14', 1, 1),
(140, 'Nombre 141', 'Apellido_141', 'Nombre 141 Apellido_141', 'NApellido_141@gmail.com', 'Activo', '0000-00-00 00:00:00', '33.26GB', NULL, NULL, NULL, NULL, NULL, NULL, NULL, 1, 1, '2024-04-19 19:52:14', 1, 1),
(141, 'Nombre 142', 'Apellido_142', 'Nombre 142 Apellido_142', 'NApellido_142@gmail.com', 'Activo', '0000-00-00 00:00:00', '83.68GB', NULL, NULL, NULL, NULL, NULL, NULL, NULL, 1, 1, '2024-04-19 19:52:14', 1, 1),
(142, 'Nombre 143', 'Apellido_143', 'Nombre 143 Apellido_143', 'NApellido_143@gmail.com', 'Activo', '0000-00-00 00:00:00', '35.52GB', NULL, NULL, NULL, NULL, NULL, NULL, NULL, 1, 1, '2024-04-19 19:52:14', 1, 1),
(143, 'Nombre 144', 'Apellido_144', 'Nombre 144 Apellido_144', 'NApellido_144@gmail.com', 'Activo', '0000-00-00 00:00:00', '11.57GB', NULL, NULL, NULL, NULL, NULL, NULL, NULL, 1, 1, '2024-04-19 19:52:14', 1, 1),
(144, 'Nombre 145', 'Apellido_145', 'Nombre 145 Apellido_145', 'NApellido_145@gmail.com', 'Activo', '0000-00-00 00:00:00', '65.61GB', NULL, NULL, NULL, NULL, NULL, NULL, NULL, 1, 1, '2024-04-19 19:52:14', 1, 1),
(145, 'Nombre 146', 'Apellido_146', 'Nombre 146 Apellido_146', 'NApellido_146@gmail.com', 'Activo', '0000-00-00 00:00:00', '32.02GB', NULL, NULL, NULL, NULL, NULL, NULL, NULL, 1, 1, '2024-04-19 19:52:14', 1, 1),
(146, 'Nombre 147', 'Apellido_147', 'Nombre 147 Apellido_147', 'NApellido_147@gmail.com', 'Activo', '0000-00-00 00:00:00', '9.82GB', NULL, NULL, NULL, NULL, NULL, NULL, NULL, 1, 1, '2024-04-19 19:52:14', 1, 1),
(147, 'Nombre 148', 'Apellido_148', 'Nombre 148 Apellido_148', 'NApellido_148@gmail.com', 'Activo', '0000-00-00 00:00:00', '68.44GB', NULL, NULL, NULL, NULL, NULL, NULL, NULL, 1, 1, '2024-04-19 19:52:14', 1, 1),
(148, 'Nombre 149', 'Apellido_149', 'Nombre 149 Apellido_149', 'NApellido_149@gmail.com', 'Activo', '0000-00-00 00:00:00', '24.39GB', NULL, NULL, NULL, NULL, NULL, NULL, NULL, 1, 1, '2024-04-19 19:52:14', 1, 1),
(149, 'Nombre 150', 'Apellido_150', 'Nombre 150 Apellido_150', 'NApellido_150@gmail.com', 'Activo', '0000-00-00 00:00:00', '12.82GB', NULL, NULL, NULL, NULL, NULL, NULL, NULL, 1, 1, '2024-04-19 19:52:14', 1, 1),
(150, 'Nombre 151', 'Apellido_151', 'Nombre 151 Apellido_151', 'NApellido_151@gmail.com', 'Activo', '0000-00-00 00:00:00', '18.76GB', NULL, NULL, NULL, NULL, NULL, NULL, NULL, 1, 1, '2024-04-19 19:52:14', 1, 1),
(151, 'Nombre 152', 'Apellido_152', 'Nombre 152 Apellido_152', 'NApellido_152@gmail.com', 'Activo', '0000-00-00 00:00:00', '64.78GB', NULL, NULL, NULL, NULL, NULL, NULL, NULL, 1, 1, '2024-04-19 19:52:14', 1, 1),
(152, 'Nombre 153', 'Apellido_153', 'Nombre 153 Apellido_153', 'NApellido_153@gmail.com', 'Activo', '0000-00-00 00:00:00', '32.65GB', NULL, NULL, NULL, NULL, NULL, NULL, NULL, 1, 1, '2024-04-19 19:52:14', 1, 1),
(153, 'Nombre 154', 'Apellido_154', 'Nombre 154 Apellido_154', 'NApellido_154@gmail.com', 'Activo', '0000-00-00 00:00:00', '11.94GB', NULL, NULL, NULL, NULL, NULL, NULL, NULL, 1, 1, '2024-04-19 19:52:14', 1, 1),
(154, 'Nombre 155', 'Apellido_155', 'Nombre 155 Apellido_155', 'NApellido_155@gmail.com', 'Activo', '0000-00-00 00:00:00', '72.73GB', NULL, NULL, NULL, NULL, NULL, NULL, NULL, 1, 1, '2024-04-19 19:52:14', 1, 1),
(155, 'Nombre 156', 'Apellido_156', 'Nombre 156 Apellido_156', 'NApellido_156@gmail.com', 'Activo', '0000-00-00 00:00:00', '49.05GB', NULL, NULL, NULL, NULL, NULL, NULL, NULL, 1, 1, '2024-04-19 19:52:14', 1, 1),
(156, 'Nombre 157', 'Apellido_157', 'Nombre 157 Apellido_157', 'NApellido_157@gmail.com', 'Activo', '0000-00-00 00:00:00', '12.42GB', NULL, NULL, NULL, NULL, NULL, NULL, NULL, 1, 1, '2024-04-19 19:52:14', 1, 1),
(157, 'Nombre 158', 'Apellido_158', 'Nombre 158 Apellido_158', 'NApellido_158@gmail.com', 'Activo', '0000-00-00 00:00:00', '21.53GB', NULL, NULL, NULL, NULL, NULL, NULL, NULL, 1, 1, '2024-04-19 19:52:14', 1, 1),
(158, 'Nombre 159', 'Apellido_159', 'Nombre 159 Apellido_159', 'NApellido_159@gmail.com', 'Activo', '0000-00-00 00:00:00', '33.39GB', NULL, NULL, NULL, NULL, NULL, NULL, NULL, 1, 1, '2024-04-19 19:52:14', 1, 1),
(159, 'Nombre 160', 'Apellido_160', 'Nombre 160 Apellido_160', 'NApellido_160@gmail.com', 'Activo', '0000-00-00 00:00:00', '53.29GB', NULL, NULL, NULL, NULL, NULL, NULL, NULL, 1, 1, '2024-04-19 19:52:14', 1, 1),
(160, 'Nombre 161', 'Apellido_161', 'Nombre 161 Apellido_161', 'NApellido_161@gmail.com', 'Activo', '0000-00-00 00:00:00', '32.79GB', NULL, NULL, NULL, NULL, NULL, NULL, NULL, 1, 1, '2024-04-19 19:52:14', 1, 1),
(161, 'Nombre 162', 'Apellido_162', 'Nombre 162 Apellido_162', 'NApellido_162@gmail.com', 'Activo', '0000-00-00 00:00:00', '10.22GB', NULL, NULL, NULL, NULL, NULL, NULL, NULL, 1, 1, '2024-04-19 19:52:14', 1, 1),
(162, 'Nombre 163', 'Apellido_163', 'Nombre 163 Apellido_163', 'NApellido_163@gmail.com', 'Activo', '0000-00-00 00:00:00', '61.93GB', NULL, NULL, NULL, NULL, NULL, NULL, NULL, 1, 1, '2024-04-19 19:52:14', 1, 1),
(163, 'Nombre 164', 'Apellido_164', 'Nombre 164 Apellido_164', 'NApellido_164@gmail.com', 'Activo', '0000-00-00 00:00:00', '53.41GB', NULL, NULL, NULL, NULL, NULL, NULL, NULL, 1, 1, '2024-04-19 19:52:14', 1, 1),
(164, 'Nombre 165', 'Apellido_165', 'Nombre 165 Apellido_165', 'NApellido_165@gmail.com', 'Activo', '0000-00-00 00:00:00', '36.43GB', NULL, NULL, NULL, NULL, NULL, NULL, NULL, 1, 1, '2024-04-19 19:52:14', 1, 1),
(165, 'Nombre 166', 'Apellido_166', 'Nombre 166 Apellido_166', 'NApellido_166@gmail.com', 'Activo', '0000-00-00 00:00:00', '5.95GB', NULL, NULL, NULL, NULL, NULL, NULL, NULL, 1, 1, '2024-04-19 19:52:14', 1, 1),
(166, 'Nombre 167', 'Apellido_167', 'Nombre 167 Apellido_167', 'NApellido_167@gmail.com', 'Activo', '0000-00-00 00:00:00', '88.21GB', NULL, NULL, NULL, NULL, NULL, NULL, NULL, 1, 1, '2024-04-19 19:52:14', 1, 1),
(167, 'Nombre 168', 'Apellido_168', 'Nombre 168 Apellido_168', 'NApellido_168@gmail.com', 'Activo', '0000-00-00 00:00:00', '83.32GB', NULL, NULL, NULL, NULL, NULL, NULL, NULL, 1, 1, '2024-04-19 19:52:14', 1, 1),
(168, 'Nombre 169', 'Apellido_169', 'Nombre 169 Apellido_169', 'NApellido_169@gmail.com', 'Activo', '0000-00-00 00:00:00', '37.95GB', NULL, NULL, NULL, NULL, NULL, NULL, NULL, 1, 1, '2024-04-19 19:52:14', 1, 1),
(169, 'Nombre 170', 'Apellido_170', 'Nombre 170 Apellido_170', 'NApellido_170@gmail.com', 'Activo', '0000-00-00 00:00:00', '10.81GB', NULL, NULL, NULL, NULL, NULL, NULL, NULL, 1, 1, '2024-04-19 19:52:14', 1, 1),
(170, 'Nombre 171', 'Apellido_171', 'Nombre 171 Apellido_171', 'NApellido_171@gmail.com', 'Activo', '0000-00-00 00:00:00', '18.63GB', NULL, NULL, NULL, NULL, NULL, NULL, NULL, 1, 1, '2024-04-19 19:52:14', 1, 1),
(171, 'Nombre 172', 'Apellido_172', 'Nombre 172 Apellido_172', 'NApellido_172@gmail.com', 'Activo', '0000-00-00 00:00:00', '77.22GB', NULL, NULL, NULL, NULL, NULL, NULL, NULL, 1, 1, '2024-04-19 19:52:14', 1, 1),
(172, 'Nombre 173', 'Apellido_173', 'Nombre 173 Apellido_173', 'NApellido_173@gmail.com', 'Activo', '0000-00-00 00:00:00', '87.98GB', NULL, NULL, NULL, NULL, NULL, NULL, NULL, 1, 1, '2024-04-19 19:52:14', 1, 1),
(173, 'Nombre 174', 'Apellido_174', 'Nombre 174 Apellido_174', 'NApellido_174@gmail.com', 'Activo', '0000-00-00 00:00:00', '96.47GB', NULL, NULL, NULL, NULL, NULL, NULL, NULL, 1, 1, '2024-04-19 19:52:14', 1, 1),
(174, 'Nombre 175', 'Apellido_175', 'Nombre 175 Apellido_175', 'NApellido_175@gmail.com', 'Activo', '0000-00-00 00:00:00', '43.31GB', NULL, NULL, NULL, NULL, NULL, NULL, NULL, 1, 1, '2024-04-19 19:52:14', 1, 1),
(175, 'Nombre 176', 'Apellido_176', 'Nombre 176 Apellido_176', 'NApellido_176@gmail.com', 'Activo', '0000-00-00 00:00:00', '78.38GB', NULL, NULL, NULL, NULL, NULL, NULL, NULL, 1, 1, '2024-04-19 19:52:14', 1, 1),
(176, 'Nombre 177', 'Apellido_177', 'Nombre 177 Apellido_177', 'NApellido_177@gmail.com', 'Activo', '0000-00-00 00:00:00', '88.62GB', NULL, NULL, NULL, NULL, NULL, NULL, NULL, 1, 1, '2024-04-19 19:52:14', 1, 1),
(177, 'Nombre 178', 'Apellido_178', 'Nombre 178 Apellido_178', 'NApellido_178@gmail.com', 'Activo', '0000-00-00 00:00:00', '9.99GB', NULL, NULL, NULL, NULL, NULL, NULL, NULL, 1, 1, '2024-04-19 19:52:14', 1, 1),
(178, 'Nombre 179', 'Apellido_179', 'Nombre 179 Apellido_179', 'NApellido_179@gmail.com', 'Activo', '0000-00-00 00:00:00', '1.14GB', NULL, NULL, NULL, NULL, NULL, NULL, NULL, 1, 1, '2024-04-19 19:52:14', 1, 1),
(179, 'Nombre 180', 'Apellido_180', 'Nombre 180 Apellido_180', 'NApellido_180@gmail.com', 'Activo', '0000-00-00 00:00:00', '43.53GB', NULL, NULL, NULL, NULL, NULL, NULL, NULL, 1, 1, '2024-04-19 19:52:14', 1, 1),
(180, 'Nombre 181', 'Apellido_181', 'Nombre 181 Apellido_181', 'NApellido_181@gmail.com', 'Activo', '0000-00-00 00:00:00', '28.07GB', NULL, NULL, NULL, NULL, NULL, NULL, NULL, 1, 1, '2024-04-19 19:52:14', 1, 1),
(181, 'Nombre 182', 'Apellido_182', 'Nombre 182 Apellido_182', 'NApellido_182@gmail.com', 'Activo', '0000-00-00 00:00:00', '4.03GB', NULL, NULL, NULL, NULL, NULL, NULL, NULL, 1, 1, '2024-04-19 19:52:14', 1, 1),
(182, 'Nombre 183', 'Apellido_183', 'Nombre 183 Apellido_183', 'NApellido_183@gmail.com', 'Activo', '0000-00-00 00:00:00', '89.22GB', NULL, NULL, NULL, NULL, NULL, NULL, NULL, 1, 1, '2024-04-19 19:52:14', 1, 1),
(183, 'Nombre 184', 'Apellido_184', 'Nombre 184 Apellido_184', 'NApellido_184@gmail.com', 'Activo', '0000-00-00 00:00:00', '51.82GB', NULL, NULL, NULL, NULL, NULL, NULL, NULL, 1, 1, '2024-04-19 19:52:14', 1, 1),
(184, 'Nombre 185', 'Apellido_185', 'Nombre 185 Apellido_185', 'NApellido_185@gmail.com', 'Activo', '0000-00-00 00:00:00', '43.03GB', NULL, NULL, NULL, NULL, NULL, NULL, NULL, 1, 1, '2024-04-19 19:52:14', 1, 1),
(185, 'Nombre 186', 'Apellido_186', 'Nombre 186 Apellido_186', 'NApellido_186@gmail.com', 'Activo', '0000-00-00 00:00:00', '57.72GB', NULL, NULL, NULL, NULL, NULL, NULL, NULL, 1, 1, '2024-04-19 19:52:14', 1, 1),
(186, 'Nombre 187', 'Apellido_187', 'Nombre 187 Apellido_187', 'NApellido_187@gmail.com', 'Activo', '0000-00-00 00:00:00', '15.03GB', NULL, NULL, NULL, NULL, NULL, NULL, NULL, 1, 1, '2024-04-19 19:52:14', 1, 1),
(187, 'Nombre 188', 'Apellido_188', 'Nombre 188 Apellido_188', 'NApellido_188@gmail.com', 'Activo', '0000-00-00 00:00:00', '47.03GB', NULL, NULL, NULL, NULL, NULL, NULL, NULL, 1, 1, '2024-04-19 19:52:14', 1, 1),
(188, 'Nombre 189', 'Apellido_189', 'Nombre 189 Apellido_189', 'NApellido_189@gmail.com', 'Activo', '0000-00-00 00:00:00', '15.71GB', NULL, NULL, NULL, NULL, NULL, NULL, NULL, 1, 1, '2024-04-19 19:52:14', 1, 1),
(189, 'Nombre 190', 'Apellido_190', 'Nombre 190 Apellido_190', 'NApellido_190@gmail.com', 'Activo', '0000-00-00 00:00:00', '34.25GB', NULL, NULL, NULL, NULL, NULL, NULL, NULL, 1, 1, '2024-04-19 19:52:14', 1, 1),
(190, 'Nombre 191', 'Apellido_191', 'Nombre 191 Apellido_191', 'NApellido_191@gmail.com', 'Activo', '0000-00-00 00:00:00', '85.98GB', NULL, NULL, NULL, NULL, NULL, NULL, NULL, 1, 1, '2024-04-19 19:52:14', 1, 1),
(191, 'Nombre 192', 'Apellido_192', 'Nombre 192 Apellido_192', 'NApellido_192@gmail.com', 'Activo', '0000-00-00 00:00:00', '44.19GB', NULL, NULL, NULL, NULL, NULL, NULL, NULL, 1, 1, '2024-04-19 19:52:14', 1, 1),
(192, 'Nombre 193', 'Apellido_193', 'Nombre 193 Apellido_193', 'NApellido_193@gmail.com', 'Activo', '0000-00-00 00:00:00', '29.59GB', NULL, NULL, NULL, NULL, NULL, NULL, NULL, 1, 1, '2024-04-19 19:52:14', 1, 1),
(193, 'Nombre 194', 'Apellido_194', 'Nombre 194 Apellido_194', 'NApellido_194@gmail.com', 'Activo', '0000-00-00 00:00:00', '97.84GB', NULL, NULL, NULL, NULL, NULL, NULL, NULL, 1, 1, '2024-04-19 19:52:14', 1, 1),
(194, 'Nombre 195', 'Apellido_195', 'Nombre 195 Apellido_195', 'NApellido_195@gmail.com', 'Activo', '0000-00-00 00:00:00', '19.92GB', NULL, NULL, NULL, NULL, NULL, NULL, NULL, 1, 1, '2024-04-19 19:52:14', 1, 1),
(195, 'Nombre 196', 'Apellido_196', 'Nombre 196 Apellido_196', 'NApellido_196@gmail.com', 'Activo', '0000-00-00 00:00:00', '31.12GB', NULL, NULL, NULL, NULL, NULL, NULL, NULL, 1, 1, '2024-04-19 19:52:14', 1, 1),
(196, 'Nombre 197', 'Apellido_197', 'Nombre 197 Apellido_197', 'NApellido_197@gmail.com', 'Activo', '0000-00-00 00:00:00', '35.08GB', NULL, NULL, NULL, NULL, NULL, NULL, NULL, 1, 1, '2024-04-19 19:52:14', 1, 1),
(197, 'Nombre 198', 'Apellido_198', 'Nombre 198 Apellido_198', 'NApellido_198@gmail.com', 'Activo', '0000-00-00 00:00:00', '98.27GB', NULL, NULL, NULL, NULL, NULL, NULL, NULL, 1, 1, '2024-04-19 19:52:14', 1, 1),
(198, 'Nombre 199', 'Apellido_199', 'Nombre 199 Apellido_199', 'NApellido_199@gmail.com', 'Activo', '0000-00-00 00:00:00', '80.05GB', NULL, NULL, NULL, NULL, NULL, NULL, NULL, 1, 1, '2024-04-19 19:52:14', 1, 1),
(199, 'Nombre 200', 'Apellido_200', 'Nombre 200 Apellido_200', 'NApellido_200@gmail.com', 'Activo', '0000-00-00 00:00:00', '26.23GB', NULL, NULL, NULL, NULL, NULL, NULL, NULL, 1, 1, '2024-04-19 19:52:14', 1, 1),
(200, 'Nombre 201', 'Apellido_201', 'Nombre 201 Apellido_201', 'NApellido_201@gmail.com', 'Activo', '0000-00-00 00:00:00', '6.19GB', NULL, NULL, NULL, NULL, NULL, NULL, NULL, 1, 1, '2024-04-19 19:52:14', 1, 1),
(201, 'Nombre 202', 'Apellido_202', 'Nombre 202 Apellido_202', 'NApellido_202@gmail.com', 'Activo', '0000-00-00 00:00:00', '62.54GB', NULL, NULL, NULL, NULL, NULL, NULL, NULL, 1, 1, '2024-04-19 19:52:14', 1, 1),
(202, 'Nombre 203', 'Apellido_203', 'Nombre 203 Apellido_203', 'NApellido_203@gmail.com', 'Activo', '0000-00-00 00:00:00', '7.59GB', NULL, NULL, NULL, NULL, NULL, NULL, NULL, 1, 1, '2024-04-19 19:52:14', 1, 1),
(203, 'Nombre 204', 'Apellido_204', 'Nombre 204 Apellido_204', 'NApellido_204@gmail.com', 'Activo', '0000-00-00 00:00:00', '86.87GB', NULL, NULL, NULL, NULL, NULL, NULL, NULL, 1, 1, '2024-04-19 19:52:14', 1, 1),
(204, 'Nombre 205', 'Apellido_205', 'Nombre 205 Apellido_205', 'NApellido_205@gmail.com', 'Activo', '0000-00-00 00:00:00', '55.57GB', NULL, NULL, NULL, NULL, NULL, NULL, NULL, 1, 1, '2024-04-19 19:52:14', 1, 1),
(205, 'Nombre 206', 'Apellido_206', 'Nombre 206 Apellido_206', 'NApellido_206@gmail.com', 'Activo', '0000-00-00 00:00:00', '7.65GB', NULL, NULL, NULL, NULL, NULL, NULL, NULL, 1, 1, '2024-04-19 19:52:14', 1, 1),
(206, 'Nombre 207', 'Apellido_207', 'Nombre 207 Apellido_207', 'NApellido_207@gmail.com', 'Activo', '0000-00-00 00:00:00', '68.93GB', NULL, NULL, NULL, NULL, NULL, NULL, NULL, 1, 1, '2024-04-19 19:52:14', 1, 1),
(207, 'Nombre 208', 'Apellido_208', 'Nombre 208 Apellido_208', 'NApellido_208@gmail.com', 'Activo', '0000-00-00 00:00:00', '64.02GB', NULL, NULL, NULL, NULL, NULL, NULL, NULL, 1, 1, '2024-04-19 19:52:14', 1, 1),
(208, 'Nombre 209', 'Apellido_209', 'Nombre 209 Apellido_209', 'NApellido_209@gmail.com', 'Activo', '0000-00-00 00:00:00', '9.72GB', NULL, NULL, NULL, NULL, NULL, NULL, NULL, 1, 1, '2024-04-19 19:52:14', 1, 1),
(209, 'Nombre 210', 'Apellido_210', 'Nombre 210 Apellido_210', 'NApellido_210@gmail.com', 'Activo', '0000-00-00 00:00:00', '49.15GB', NULL, NULL, NULL, NULL, NULL, NULL, NULL, 1, 1, '2024-04-19 19:52:14', 1, 1),
(210, 'Nombre 211', 'Apellido_211', 'Nombre 211 Apellido_211', 'NApellido_211@gmail.com', 'Activo', '0000-00-00 00:00:00', '1.41GB', NULL, NULL, NULL, NULL, NULL, NULL, NULL, 1, 1, '2024-04-19 19:52:14', 1, 1),
(211, 'Nombre 212', 'Apellido_212', 'Nombre 212 Apellido_212', 'NApellido_212@gmail.com', 'Activo', '0000-00-00 00:00:00', '91.24GB', NULL, NULL, NULL, NULL, NULL, NULL, NULL, 1, 1, '2024-04-19 19:52:14', 1, 1),
(212, 'Nombre 213', 'Apellido_213', 'Nombre 213 Apellido_213', 'NApellido_213@gmail.com', 'Activo', '0000-00-00 00:00:00', '69.95GB', NULL, NULL, NULL, NULL, NULL, NULL, NULL, 1, 1, '2024-04-19 19:52:14', 1, 1),
(213, 'Nombre 214', 'Apellido_214', 'Nombre 214 Apellido_214', 'NApellido_214@gmail.com', 'Activo', '0000-00-00 00:00:00', '91.81GB', NULL, NULL, NULL, NULL, NULL, NULL, NULL, 1, 1, '2024-04-19 19:52:14', 1, 1),
(214, 'Nombre 215', 'Apellido_215', 'Nombre 215 Apellido_215', 'NApellido_215@gmail.com', 'Activo', '0000-00-00 00:00:00', '69.18GB', NULL, NULL, NULL, NULL, NULL, NULL, NULL, 1, 1, '2024-04-19 19:52:14', 1, 1),
(215, 'Nombre 216', 'Apellido_216', 'Nombre 216 Apellido_216', 'NApellido_216@gmail.com', 'Activo', '0000-00-00 00:00:00', '16.95GB', NULL, NULL, NULL, NULL, NULL, NULL, NULL, 1, 1, '2024-04-19 19:52:14', 1, 1),
(216, 'Nombre 217', 'Apellido_217', 'Nombre 217 Apellido_217', 'NApellido_217@gmail.com', 'Activo', '0000-00-00 00:00:00', '51.78GB', NULL, NULL, NULL, NULL, NULL, NULL, NULL, 1, 1, '2024-04-19 19:52:14', 1, 1),
(217, 'Nombre 218', 'Apellido_218', 'Nombre 218 Apellido_218', 'NApellido_218@gmail.com', 'Activo', '0000-00-00 00:00:00', '39.09GB', NULL, NULL, NULL, NULL, NULL, NULL, NULL, 1, 1, '2024-04-19 19:52:14', 1, 1),
(218, 'Nombre 219', 'Apellido_219', 'Nombre 219 Apellido_219', 'NApellido_219@gmail.com', 'Activo', '0000-00-00 00:00:00', '72.43GB', NULL, NULL, NULL, NULL, NULL, NULL, NULL, 1, 1, '2024-04-19 19:52:14', 1, 1),
(219, 'Nombre 220', 'Apellido_220', 'Nombre 220 Apellido_220', 'NApellido_220@gmail.com', 'Activo', '0000-00-00 00:00:00', '67.68GB', NULL, NULL, NULL, NULL, NULL, NULL, NULL, 1, 1, '2024-04-19 19:52:14', 1, 1),
(220, 'Nombre 221', 'Apellido_221', 'Nombre 221 Apellido_221', 'NApellido_221@gmail.com', 'Activo', '0000-00-00 00:00:00', '57.43GB', NULL, NULL, NULL, NULL, NULL, NULL, NULL, 1, 1, '2024-04-19 19:52:14', 1, 1),
(221, 'Nombre 222', 'Apellido_222', 'Nombre 222 Apellido_222', 'NApellido_222@gmail.com', 'Activo', '0000-00-00 00:00:00', '74.06GB', NULL, NULL, NULL, NULL, NULL, NULL, NULL, 1, 1, '2024-04-19 19:52:14', 1, 1),
(222, 'Nombre 223', 'Apellido_223', 'Nombre 223 Apellido_223', 'NApellido_223@gmail.com', 'Activo', '0000-00-00 00:00:00', '65.72GB', NULL, NULL, NULL, NULL, NULL, NULL, NULL, 1, 1, '2024-04-19 19:52:14', 1, 1),
(223, 'Nombre 224', 'Apellido_224', 'Nombre 224 Apellido_224', 'NApellido_224@gmail.com', 'Activo', '0000-00-00 00:00:00', '41.18GB', NULL, NULL, NULL, NULL, NULL, NULL, NULL, 1, 1, '2024-04-19 19:52:14', 1, 1),
(224, 'Nombre 225', 'Apellido_225', 'Nombre 225 Apellido_225', 'NApellido_225@gmail.com', 'Activo', '0000-00-00 00:00:00', '22.15GB', NULL, NULL, NULL, NULL, NULL, NULL, NULL, 1, 1, '2024-04-19 19:52:14', 1, 1),
(225, 'Nombre 226', 'Apellido_226', 'Nombre 226 Apellido_226', 'NApellido_226@gmail.com', 'Activo', '0000-00-00 00:00:00', '54.34GB', NULL, NULL, NULL, NULL, NULL, NULL, NULL, 1, 1, '2024-04-19 19:52:14', 1, 1),
(226, 'Nombre 227', 'Apellido_227', 'Nombre 227 Apellido_227', 'NApellido_227@gmail.com', 'Activo', '0000-00-00 00:00:00', '98.42GB', NULL, NULL, NULL, NULL, NULL, NULL, NULL, 1, 1, '2024-04-19 19:52:14', 1, 1),
(227, 'Nombre 228', 'Apellido_228', 'Nombre 228 Apellido_228', 'NApellido_228@gmail.com', 'Activo', '0000-00-00 00:00:00', '9.71GB', NULL, NULL, NULL, NULL, NULL, NULL, NULL, 1, 1, '2024-04-19 19:52:14', 1, 1),
(228, 'Nombre 229', 'Apellido_229', 'Nombre 229 Apellido_229', 'NApellido_229@gmail.com', 'Activo', '0000-00-00 00:00:00', '11.09GB', NULL, NULL, NULL, NULL, NULL, NULL, NULL, 1, 1, '2024-04-19 19:52:14', 1, 1),
(229, 'Nombre 230', 'Apellido_230', 'Nombre 230 Apellido_230', 'NApellido_230@gmail.com', 'Activo', '0000-00-00 00:00:00', '23.61GB', NULL, NULL, NULL, NULL, NULL, NULL, NULL, 1, 1, '2024-04-19 19:52:14', 1, 1),
(230, 'Nombre 231', 'Apellido_231', 'Nombre 231 Apellido_231', 'NApellido_231@gmail.com', 'Activo', '0000-00-00 00:00:00', '2.19GB', NULL, NULL, NULL, NULL, NULL, NULL, NULL, 1, 1, '2024-04-19 19:52:14', 1, 1),
(231, 'Nombre 232', 'Apellido_232', 'Nombre 232 Apellido_232', 'NApellido_232@gmail.com', 'Activo', '0000-00-00 00:00:00', '9.07GB', NULL, NULL, NULL, NULL, NULL, NULL, NULL, 1, 1, '2024-04-19 19:52:14', 1, 1),
(232, 'Nombre 233', 'Apellido_233', 'Nombre 233 Apellido_233', 'NApellido_233@gmail.com', 'Activo', '0000-00-00 00:00:00', '36.65GB', NULL, NULL, NULL, NULL, NULL, NULL, NULL, 1, 1, '2024-04-19 19:52:14', 1, 1),
(233, 'Nombre 234', 'Apellido_234', 'Nombre 234 Apellido_234', 'NApellido_234@gmail.com', 'Activo', '0000-00-00 00:00:00', '57.84GB', NULL, NULL, NULL, NULL, NULL, NULL, NULL, 1, 1, '2024-04-19 19:52:14', 1, 1),
(234, 'Nombre 235', 'Apellido_235', 'Nombre 235 Apellido_235', 'NApellido_235@gmail.com', 'Activo', '0000-00-00 00:00:00', '30.72GB', NULL, NULL, NULL, NULL, NULL, NULL, NULL, 1, 1, '2024-04-19 19:52:14', 1, 1),
(235, 'Nombre 236', 'Apellido_236', 'Nombre 236 Apellido_236', 'NApellido_236@gmail.com', 'Activo', '0000-00-00 00:00:00', '72.88GB', NULL, NULL, NULL, NULL, NULL, NULL, NULL, 1, 1, '2024-04-19 19:52:14', 1, 1),
(236, 'Nombre 237', 'Apellido_237', 'Nombre 237 Apellido_237', 'NApellido_237@gmail.com', 'Activo', '0000-00-00 00:00:00', '12.96GB', NULL, NULL, NULL, NULL, NULL, NULL, NULL, 1, 1, '2024-04-19 19:52:14', 1, 1),
(237, 'Nombre 238', 'Apellido_238', 'Nombre 238 Apellido_238', 'NApellido_238@gmail.com', 'Activo', '0000-00-00 00:00:00', '21.76GB', NULL, NULL, NULL, NULL, NULL, NULL, NULL, 1, 1, '2024-04-19 19:52:14', 1, 1),
(238, 'Nombre 239', 'Apellido_239', 'Nombre 239 Apellido_239', 'NApellido_239@gmail.com', 'Activo', '0000-00-00 00:00:00', '5.32GB', NULL, NULL, NULL, NULL, NULL, NULL, NULL, 1, 1, '2024-04-19 19:52:14', 1, 1),
(239, 'Nombre 240', 'Apellido_240', 'Nombre 240 Apellido_240', 'NApellido_240@gmail.com', 'Activo', '0000-00-00 00:00:00', '57.86GB', NULL, NULL, NULL, NULL, NULL, NULL, NULL, 1, 1, '2024-04-19 19:52:14', 1, 1);
INSERT INTO `datos` (`dat_id`, `dat_nombres`, `dat_apellidos`, `dat_nombres_completos`, `dat_email`, `dat_estado`, `dat_ultimo_acceso`, `dat_espacio_uso`, `dat_codigo`, `dat_dni`, `dat_celular`, `dat_correo_personal`, `dat_facultad`, `dat_escuela`, `dat_sede`, `dat_origen`, `dat_arc_id`, `dat_fecha_reg`, `dat_usu_id`, `dat_activo`) VALUES
(240, 'Nombre 241', 'Apellido_241', 'Nombre 241 Apellido_241', 'NApellido_241@gmail.com', 'Activo', '0000-00-00 00:00:00', '97.68GB', NULL, NULL, NULL, NULL, NULL, NULL, NULL, 1, 1, '2024-04-19 19:52:14', 1, 1),
(241, 'Nombre 242', 'Apellido_242', 'Nombre 242 Apellido_242', 'NApellido_242@gmail.com', 'Activo', '0000-00-00 00:00:00', '28.71GB', NULL, NULL, NULL, NULL, NULL, NULL, NULL, 1, 1, '2024-04-19 19:52:14', 1, 1),
(242, 'Nombre 243', 'Apellido_243', 'Nombre 243 Apellido_243', 'NApellido_243@gmail.com', 'Activo', '0000-00-00 00:00:00', '7.41GB', NULL, NULL, NULL, NULL, NULL, NULL, NULL, 1, 1, '2024-04-19 19:52:14', 1, 1),
(243, 'Nombre 244', 'Apellido_244', 'Nombre 244 Apellido_244', 'NApellido_244@gmail.com', 'Activo', '0000-00-00 00:00:00', '14.48GB', NULL, NULL, NULL, NULL, NULL, NULL, NULL, 1, 1, '2024-04-19 19:52:14', 1, 1),
(244, 'Nombre 245', 'Apellido_245', 'Nombre 245 Apellido_245', 'NApellido_245@gmail.com', 'Activo', '0000-00-00 00:00:00', '64.65GB', NULL, NULL, NULL, NULL, NULL, NULL, NULL, 1, 1, '2024-04-19 19:52:14', 1, 1),
(245, 'Nombre 246', 'Apellido_246', 'Nombre 246 Apellido_246', 'NApellido_246@gmail.com', 'Activo', '0000-00-00 00:00:00', '29.34GB', NULL, NULL, NULL, NULL, NULL, NULL, NULL, 1, 1, '2024-04-19 19:52:14', 1, 1),
(246, 'Nombre 247', 'Apellido_247', 'Nombre 247 Apellido_247', 'NApellido_247@gmail.com', 'Activo', '0000-00-00 00:00:00', '37.07GB', NULL, NULL, NULL, NULL, NULL, NULL, NULL, 1, 1, '2024-04-19 19:52:14', 1, 1),
(247, 'Nombre 248', 'Apellido_248', 'Nombre 248 Apellido_248', 'NApellido_248@gmail.com', 'Activo', '0000-00-00 00:00:00', '20.51GB', NULL, NULL, NULL, NULL, NULL, NULL, NULL, 1, 1, '2024-04-19 19:52:14', 1, 1),
(248, 'Nombre 249', 'Apellido_249', 'Nombre 249 Apellido_249', 'NApellido_249@gmail.com', 'Activo', '0000-00-00 00:00:00', '56.69GB', NULL, NULL, NULL, NULL, NULL, NULL, NULL, 1, 1, '2024-04-19 19:52:14', 1, 1),
(249, 'Nombre 250', 'Apellido_250', 'Nombre 250 Apellido_250', 'NApellido_250@gmail.com', 'Activo', '0000-00-00 00:00:00', '58.72GB', NULL, NULL, NULL, NULL, NULL, NULL, NULL, 1, 1, '2024-04-19 19:52:14', 1, 1),
(250, 'Nombre 251', 'Apellido_251', 'Nombre 251 Apellido_251', 'NApellido_251@gmail.com', 'Activo', '0000-00-00 00:00:00', '42.69GB', NULL, NULL, NULL, NULL, NULL, NULL, NULL, 1, 1, '2024-04-19 19:52:14', 1, 1),
(251, 'Nombre 252', 'Apellido_252', 'Nombre 252 Apellido_252', 'NApellido_252@gmail.com', 'Activo', '0000-00-00 00:00:00', '50.59GB', NULL, NULL, NULL, NULL, NULL, NULL, NULL, 1, 1, '2024-04-19 19:52:14', 1, 1),
(252, 'Nombre 253', 'Apellido_253', 'Nombre 253 Apellido_253', 'NApellido_253@gmail.com', 'Activo', '0000-00-00 00:00:00', '7.21GB', NULL, NULL, NULL, NULL, NULL, NULL, NULL, 1, 1, '2024-04-19 19:52:14', 1, 1),
(253, 'Nombre 254', 'Apellido_254', 'Nombre 254 Apellido_254', 'NApellido_254@gmail.com', 'Activo', '0000-00-00 00:00:00', '32.21GB', NULL, NULL, NULL, NULL, NULL, NULL, NULL, 1, 1, '2024-04-19 19:52:14', 1, 1),
(254, 'Nombre 255', 'Apellido_255', 'Nombre 255 Apellido_255', 'NApellido_255@gmail.com', 'Activo', '0000-00-00 00:00:00', '52.18GB', NULL, NULL, NULL, NULL, NULL, NULL, NULL, 1, 1, '2024-04-19 19:52:14', 1, 1),
(255, 'Nombre 256', 'Apellido_256', 'Nombre 256 Apellido_256', 'NApellido_256@gmail.com', 'Activo', '0000-00-00 00:00:00', '91.18GB', NULL, NULL, NULL, NULL, NULL, NULL, NULL, 1, 1, '2024-04-19 19:52:14', 1, 1),
(256, 'Nombre 257', 'Apellido_257', 'Nombre 257 Apellido_257', 'NApellido_257@gmail.com', 'Activo', '0000-00-00 00:00:00', '40.25GB', NULL, NULL, NULL, NULL, NULL, NULL, NULL, 1, 1, '2024-04-19 19:52:14', 1, 1),
(257, 'Nombre 258', 'Apellido_258', 'Nombre 258 Apellido_258', 'NApellido_258@gmail.com', 'Activo', '0000-00-00 00:00:00', '75.61GB', NULL, NULL, NULL, NULL, NULL, NULL, NULL, 1, 1, '2024-04-19 19:52:14', 1, 1),
(258, 'Nombre 259', 'Apellido_259', 'Nombre 259 Apellido_259', 'NApellido_259@gmail.com', 'Activo', '0000-00-00 00:00:00', '16.26GB', NULL, NULL, NULL, NULL, NULL, NULL, NULL, 1, 1, '2024-04-19 19:52:14', 1, 1),
(259, 'Nombre 260', 'Apellido_260', 'Nombre 260 Apellido_260', 'NApellido_260@gmail.com', 'Activo', '0000-00-00 00:00:00', '90.58GB', NULL, NULL, NULL, NULL, NULL, NULL, NULL, 1, 1, '2024-04-19 19:52:14', 1, 1),
(260, 'Nombre 261', 'Apellido_261', 'Nombre 261 Apellido_261', 'NApellido_261@gmail.com', 'Activo', '0000-00-00 00:00:00', '67.64GB', NULL, NULL, NULL, NULL, NULL, NULL, NULL, 1, 1, '2024-04-19 19:52:14', 1, 1),
(261, 'Nombre 262', 'Apellido_262', 'Nombre 262 Apellido_262', 'NApellido_262@gmail.com', 'Activo', '0000-00-00 00:00:00', '69.25GB', NULL, NULL, NULL, NULL, NULL, NULL, NULL, 1, 1, '2024-04-19 19:52:14', 1, 1),
(262, 'Nombre 263', 'Apellido_263', 'Nombre 263 Apellido_263', 'NApellido_263@gmail.com', 'Activo', '0000-00-00 00:00:00', '95.13GB', NULL, NULL, NULL, NULL, NULL, NULL, NULL, 1, 1, '2024-04-19 19:52:14', 1, 1),
(263, 'Nombre 264', 'Apellido_264', 'Nombre 264 Apellido_264', 'NApellido_264@gmail.com', 'Activo', '0000-00-00 00:00:00', '53.29GB', NULL, NULL, NULL, NULL, NULL, NULL, NULL, 1, 1, '2024-04-19 19:52:14', 1, 1),
(264, 'Nombre 265', 'Apellido_265', 'Nombre 265 Apellido_265', 'NApellido_265@gmail.com', 'Activo', '0000-00-00 00:00:00', '98.25GB', NULL, NULL, NULL, NULL, NULL, NULL, NULL, 1, 1, '2024-04-19 19:52:14', 1, 1),
(265, 'Nombre 266', 'Apellido_266', 'Nombre 266 Apellido_266', 'NApellido_266@gmail.com', 'Activo', '0000-00-00 00:00:00', '0.34GB', NULL, NULL, NULL, NULL, NULL, NULL, NULL, 1, 1, '2024-04-19 19:52:14', 1, 1),
(266, 'Nombre 267', 'Apellido_267', 'Nombre 267 Apellido_267', 'NApellido_267@gmail.com', 'Activo', '0000-00-00 00:00:00', '56.65GB', NULL, NULL, NULL, NULL, NULL, NULL, NULL, 1, 1, '2024-04-19 19:52:14', 1, 1),
(267, 'Nombre 268', 'Apellido_268', 'Nombre 268 Apellido_268', 'NApellido_268@gmail.com', 'Activo', '0000-00-00 00:00:00', '5.55GB', NULL, NULL, NULL, NULL, NULL, NULL, NULL, 1, 1, '2024-04-19 19:52:14', 1, 1),
(268, 'Nombre 269', 'Apellido_269', 'Nombre 269 Apellido_269', 'NApellido_269@gmail.com', 'Activo', '0000-00-00 00:00:00', '50.6GB', NULL, NULL, NULL, NULL, NULL, NULL, NULL, 1, 1, '2024-04-19 19:52:14', 1, 1),
(269, 'Nombre 270', 'Apellido_270', 'Nombre 270 Apellido_270', 'NApellido_270@gmail.com', 'Activo', '0000-00-00 00:00:00', '19.39GB', NULL, NULL, NULL, NULL, NULL, NULL, NULL, 1, 1, '2024-04-19 19:52:14', 1, 1),
(270, 'Nombre 271', 'Apellido_271', 'Nombre 271 Apellido_271', 'NApellido_271@gmail.com', 'Activo', '0000-00-00 00:00:00', '81GB', NULL, NULL, NULL, NULL, NULL, NULL, NULL, 1, 1, '2024-04-19 19:52:14', 1, 1),
(271, 'Nombre 272', 'Apellido_272', 'Nombre 272 Apellido_272', 'NApellido_272@gmail.com', 'Activo', '0000-00-00 00:00:00', '30.59GB', NULL, NULL, NULL, NULL, NULL, NULL, NULL, 1, 1, '2024-04-19 19:52:14', 1, 1),
(272, 'Nombre 273', 'Apellido_273', 'Nombre 273 Apellido_273', 'NApellido_273@gmail.com', 'Activo', '0000-00-00 00:00:00', '6.21GB', NULL, NULL, NULL, NULL, NULL, NULL, NULL, 1, 1, '2024-04-19 19:52:14', 1, 1),
(273, 'Nombre 274', 'Apellido_274', 'Nombre 274 Apellido_274', 'NApellido_274@gmail.com', 'Activo', '0000-00-00 00:00:00', '10.66GB', NULL, NULL, NULL, NULL, NULL, NULL, NULL, 1, 1, '2024-04-19 19:52:14', 1, 1),
(274, 'Nombre 275', 'Apellido_275', 'Nombre 275 Apellido_275', 'NApellido_275@gmail.com', 'Activo', '0000-00-00 00:00:00', '97.53GB', NULL, NULL, NULL, NULL, NULL, NULL, NULL, 1, 1, '2024-04-19 19:52:14', 1, 1),
(275, 'Nombre 276', 'Apellido_276', 'Nombre 276 Apellido_276', 'NApellido_276@gmail.com', 'Activo', '0000-00-00 00:00:00', '4.09GB', NULL, NULL, NULL, NULL, NULL, NULL, NULL, 1, 1, '2024-04-19 19:52:14', 1, 1),
(276, 'Nombre 277', 'Apellido_277', 'Nombre 277 Apellido_277', 'NApellido_277@gmail.com', 'Activo', '0000-00-00 00:00:00', '6.39GB', NULL, NULL, NULL, NULL, NULL, NULL, NULL, 1, 1, '2024-04-19 19:52:14', 1, 1),
(277, 'Nombre 278', 'Apellido_278', 'Nombre 278 Apellido_278', 'NApellido_278@gmail.com', 'Activo', '0000-00-00 00:00:00', '24.64GB', NULL, NULL, NULL, NULL, NULL, NULL, NULL, 1, 1, '2024-04-19 19:52:14', 1, 1),
(278, 'Nombre 279', 'Apellido_279', 'Nombre 279 Apellido_279', 'NApellido_279@gmail.com', 'Activo', '0000-00-00 00:00:00', '6.55GB', NULL, NULL, NULL, NULL, NULL, NULL, NULL, 1, 1, '2024-04-19 19:52:14', 1, 1),
(279, 'Nombre 280', 'Apellido_280', 'Nombre 280 Apellido_280', 'NApellido_280@gmail.com', 'Activo', '0000-00-00 00:00:00', '16.69GB', NULL, NULL, NULL, NULL, NULL, NULL, NULL, 1, 1, '2024-04-19 19:52:14', 1, 1),
(280, 'Nombre 281', 'Apellido_281', 'Nombre 281 Apellido_281', 'NApellido_281@gmail.com', 'Activo', '0000-00-00 00:00:00', '58.62GB', NULL, NULL, NULL, NULL, NULL, NULL, NULL, 1, 1, '2024-04-19 19:52:14', 1, 1),
(281, 'Nombre 282', 'Apellido_282', 'Nombre 282 Apellido_282', 'NApellido_282@gmail.com', 'Activo', '0000-00-00 00:00:00', '71.49GB', NULL, NULL, NULL, NULL, NULL, NULL, NULL, 1, 1, '2024-04-19 19:52:14', 1, 1),
(282, 'Nombre 283', 'Apellido_283', 'Nombre 283 Apellido_283', 'NApellido_283@gmail.com', 'Activo', '0000-00-00 00:00:00', '51.92GB', NULL, NULL, NULL, NULL, NULL, NULL, NULL, 1, 1, '2024-04-19 19:52:14', 1, 1),
(283, 'Nombre 284', 'Apellido_284', 'Nombre 284 Apellido_284', 'NApellido_284@gmail.com', 'Activo', '0000-00-00 00:00:00', '7.49GB', NULL, NULL, NULL, NULL, NULL, NULL, NULL, 1, 1, '2024-04-19 19:52:14', 1, 1),
(284, 'Nombre 285', 'Apellido_285', 'Nombre 285 Apellido_285', 'NApellido_285@gmail.com', 'Activo', '0000-00-00 00:00:00', '67.05GB', NULL, NULL, NULL, NULL, NULL, NULL, NULL, 1, 1, '2024-04-19 19:52:14', 1, 1),
(285, 'Nombre 286', 'Apellido_286', 'Nombre 286 Apellido_286', 'NApellido_286@gmail.com', 'Activo', '0000-00-00 00:00:00', '65.38GB', NULL, NULL, NULL, NULL, NULL, NULL, NULL, 1, 1, '2024-04-19 19:52:14', 1, 1),
(286, 'Nombre 287', 'Apellido_287', 'Nombre 287 Apellido_287', 'NApellido_287@gmail.com', 'Activo', '0000-00-00 00:00:00', '2.64GB', NULL, NULL, NULL, NULL, NULL, NULL, NULL, 1, 1, '2024-04-19 19:52:14', 1, 1),
(287, 'Nombre 288', 'Apellido_288', 'Nombre 288 Apellido_288', 'NApellido_288@gmail.com', 'Activo', '0000-00-00 00:00:00', '48.86GB', NULL, NULL, NULL, NULL, NULL, NULL, NULL, 1, 1, '2024-04-19 19:52:14', 1, 1),
(288, 'Nombre 289', 'Apellido_289', 'Nombre 289 Apellido_289', 'NApellido_289@gmail.com', 'Activo', '0000-00-00 00:00:00', '55.02GB', NULL, NULL, NULL, NULL, NULL, NULL, NULL, 1, 1, '2024-04-19 19:52:14', 1, 1),
(289, 'Nombre 290', 'Apellido_290', 'Nombre 290 Apellido_290', 'NApellido_290@gmail.com', 'Activo', '0000-00-00 00:00:00', '55.54GB', NULL, NULL, NULL, NULL, NULL, NULL, NULL, 1, 1, '2024-04-19 19:52:14', 1, 1),
(290, 'Nombre 291', 'Apellido_291', 'Nombre 291 Apellido_291', 'NApellido_291@gmail.com', 'Activo', '0000-00-00 00:00:00', '86.87GB', NULL, NULL, NULL, NULL, NULL, NULL, NULL, 1, 1, '2024-04-19 19:52:14', 1, 1),
(291, 'Nombre 292', 'Apellido_292', 'Nombre 292 Apellido_292', 'NApellido_292@gmail.com', 'Activo', '0000-00-00 00:00:00', '52.27GB', NULL, NULL, NULL, NULL, NULL, NULL, NULL, 1, 1, '2024-04-19 19:52:14', 1, 1),
(292, 'Nombre 293', 'Apellido_293', 'Nombre 293 Apellido_293', 'NApellido_293@gmail.com', 'Activo', '0000-00-00 00:00:00', '75.51GB', NULL, NULL, NULL, NULL, NULL, NULL, NULL, 1, 1, '2024-04-19 19:52:14', 1, 1),
(293, 'Nombre 294', 'Apellido_294', 'Nombre 294 Apellido_294', 'NApellido_294@gmail.com', 'Activo', '0000-00-00 00:00:00', '96.45GB', NULL, NULL, NULL, NULL, NULL, NULL, NULL, 1, 1, '2024-04-19 19:52:14', 1, 1),
(294, 'Nombre 295', 'Apellido_295', 'Nombre 295 Apellido_295', 'NApellido_295@gmail.com', 'Activo', '0000-00-00 00:00:00', '53.48GB', NULL, NULL, NULL, NULL, NULL, NULL, NULL, 1, 1, '2024-04-19 19:52:14', 1, 1),
(295, 'Nombre 296', 'Apellido_296', 'Nombre 296 Apellido_296', 'NApellido_296@gmail.com', 'Activo', '0000-00-00 00:00:00', '12.22GB', NULL, NULL, NULL, NULL, NULL, NULL, NULL, 1, 1, '2024-04-19 19:52:14', 1, 1),
(296, 'Nombre 297', 'Apellido_297', 'Nombre 297 Apellido_297', 'NApellido_297@gmail.com', 'Activo', '0000-00-00 00:00:00', '26.75GB', NULL, NULL, NULL, NULL, NULL, NULL, NULL, 1, 1, '2024-04-19 19:52:14', 1, 1),
(297, 'Nombre 298', 'Apellido_298', 'Nombre 298 Apellido_298', 'NApellido_298@gmail.com', 'Activo', '0000-00-00 00:00:00', '95.69GB', NULL, NULL, NULL, NULL, NULL, NULL, NULL, 1, 1, '2024-04-19 19:52:14', 1, 1),
(298, 'Nombre 299', 'Apellido_299', 'Nombre 299 Apellido_299', 'NApellido_299@gmail.com', 'Activo', '0000-00-00 00:00:00', '8.1GB', NULL, NULL, NULL, NULL, NULL, NULL, NULL, 1, 1, '2024-04-19 19:52:14', 1, 1),
(299, 'Nombre 300', 'Apellido_300', 'Nombre 300 Apellido_300', 'NApellido_300@gmail.com', 'Activo', '0000-00-00 00:00:00', '39.55GB', NULL, NULL, NULL, NULL, NULL, NULL, NULL, 1, 1, '2024-04-19 19:52:14', 1, 1),
(300, 'Nombre 301', 'Apellido_301', 'Nombre 301 Apellido_301', 'NApellido_301@gmail.com', 'Activo', '0000-00-00 00:00:00', '18.56GB', NULL, NULL, NULL, NULL, NULL, NULL, NULL, 1, 1, '2024-04-19 19:52:14', 1, 1),
(301, 'Nombre 302', 'Apellido_302', 'Nombre 302 Apellido_302', 'NApellido_302@gmail.com', 'Activo', '0000-00-00 00:00:00', '42.5GB', NULL, NULL, NULL, NULL, NULL, NULL, NULL, 1, 1, '2024-04-19 19:52:14', 1, 1),
(302, 'Nombre 303', 'Apellido_303', 'Nombre 303 Apellido_303', 'NApellido_303@gmail.com', 'Activo', '0000-00-00 00:00:00', '33GB', NULL, NULL, NULL, NULL, NULL, NULL, NULL, 1, 1, '2024-04-19 19:52:14', 1, 1),
(303, 'Nombre 304', 'Apellido_304', 'Nombre 304 Apellido_304', 'NApellido_304@gmail.com', 'Activo', '0000-00-00 00:00:00', '68.61GB', NULL, NULL, NULL, NULL, NULL, NULL, NULL, 1, 1, '2024-04-19 19:52:14', 1, 1),
(304, 'Nombre 305', 'Apellido_305', 'Nombre 305 Apellido_305', 'NApellido_305@gmail.com', 'Activo', '0000-00-00 00:00:00', '36.58GB', NULL, NULL, NULL, NULL, NULL, NULL, NULL, 1, 1, '2024-04-19 19:52:14', 1, 1),
(305, 'Nombre 306', 'Apellido_306', 'Nombre 306 Apellido_306', 'NApellido_306@gmail.com', 'Activo', '0000-00-00 00:00:00', '63.99GB', NULL, NULL, NULL, NULL, NULL, NULL, NULL, 1, 1, '2024-04-19 19:52:14', 1, 1),
(306, 'Nombre 307', 'Apellido_307', 'Nombre 307 Apellido_307', 'NApellido_307@gmail.com', 'Activo', '0000-00-00 00:00:00', '21.35GB', NULL, NULL, NULL, NULL, NULL, NULL, NULL, 1, 1, '2024-04-19 19:52:14', 1, 1),
(307, 'Nombre 308', 'Apellido_308', 'Nombre 308 Apellido_308', 'NApellido_308@gmail.com', 'Activo', '0000-00-00 00:00:00', '81.98GB', NULL, NULL, NULL, NULL, NULL, NULL, NULL, 1, 1, '2024-04-19 19:52:14', 1, 1),
(308, 'Nombre 309', 'Apellido_309', 'Nombre 309 Apellido_309', 'NApellido_309@gmail.com', 'Activo', '0000-00-00 00:00:00', '39.56GB', NULL, NULL, NULL, NULL, NULL, NULL, NULL, 1, 1, '2024-04-19 19:52:14', 1, 1),
(309, 'Nombre 310', 'Apellido_310', 'Nombre 310 Apellido_310', 'NApellido_310@gmail.com', 'Activo', '0000-00-00 00:00:00', '31.73GB', NULL, NULL, NULL, NULL, NULL, NULL, NULL, 1, 1, '2024-04-19 19:52:14', 1, 1),
(310, 'Nombre 311', 'Apellido_311', 'Nombre 311 Apellido_311', 'NApellido_311@gmail.com', 'Activo', '0000-00-00 00:00:00', '21.92GB', NULL, NULL, NULL, NULL, NULL, NULL, NULL, 1, 1, '2024-04-19 19:52:14', 1, 1),
(311, 'Nombre 312', 'Apellido_312', 'Nombre 312 Apellido_312', 'NApellido_312@gmail.com', 'Activo', '0000-00-00 00:00:00', '76.48GB', NULL, NULL, NULL, NULL, NULL, NULL, NULL, 1, 1, '2024-04-19 19:52:14', 1, 1),
(312, 'Nombre 313', 'Apellido_313', 'Nombre 313 Apellido_313', 'NApellido_313@gmail.com', 'Activo', '0000-00-00 00:00:00', '94.42GB', NULL, NULL, NULL, NULL, NULL, NULL, NULL, 1, 1, '2024-04-19 19:52:14', 1, 1),
(313, 'Nombre 314', 'Apellido_314', 'Nombre 314 Apellido_314', 'NApellido_314@gmail.com', 'Activo', '0000-00-00 00:00:00', '22.23GB', NULL, NULL, NULL, NULL, NULL, NULL, NULL, 1, 1, '2024-04-19 19:52:14', 1, 1),
(314, 'Nombre 315', 'Apellido_315', 'Nombre 315 Apellido_315', 'NApellido_315@gmail.com', 'Activo', '0000-00-00 00:00:00', '38.7GB', NULL, NULL, NULL, NULL, NULL, NULL, NULL, 1, 1, '2024-04-19 19:52:14', 1, 1),
(315, 'Nombre 316', 'Apellido_316', 'Nombre 316 Apellido_316', 'NApellido_316@gmail.com', 'Activo', '0000-00-00 00:00:00', '32.47GB', NULL, NULL, NULL, NULL, NULL, NULL, NULL, 1, 1, '2024-04-19 19:52:14', 1, 1),
(316, 'Nombre 317', 'Apellido_317', 'Nombre 317 Apellido_317', 'NApellido_317@gmail.com', 'Activo', '0000-00-00 00:00:00', '74.52GB', NULL, NULL, NULL, NULL, NULL, NULL, NULL, 1, 1, '2024-04-19 19:52:14', 1, 1),
(317, 'Nombre 318', 'Apellido_318', 'Nombre 318 Apellido_318', 'NApellido_318@gmail.com', 'Activo', '0000-00-00 00:00:00', '38.68GB', NULL, NULL, NULL, NULL, NULL, NULL, NULL, 1, 1, '2024-04-19 19:52:14', 1, 1),
(318, 'Nombre 319', 'Apellido_319', 'Nombre 319 Apellido_319', 'NApellido_319@gmail.com', 'Activo', '0000-00-00 00:00:00', '52.07GB', NULL, NULL, NULL, NULL, NULL, NULL, NULL, 1, 1, '2024-04-19 19:52:14', 1, 1),
(319, 'Nombre 320', 'Apellido_320', 'Nombre 320 Apellido_320', 'NApellido_320@gmail.com', 'Activo', '0000-00-00 00:00:00', '97.41GB', NULL, NULL, NULL, NULL, NULL, NULL, NULL, 1, 1, '2024-04-19 19:52:14', 1, 1),
(320, 'Nombre 321', 'Apellido_321', 'Nombre 321 Apellido_321', 'NApellido_321@gmail.com', 'Activo', '0000-00-00 00:00:00', '49.55GB', NULL, NULL, NULL, NULL, NULL, NULL, NULL, 1, 1, '2024-04-19 19:52:14', 1, 1),
(321, 'Nombre 322', 'Apellido_322', 'Nombre 322 Apellido_322', 'NApellido_322@gmail.com', 'Activo', '0000-00-00 00:00:00', '72.48GB', NULL, NULL, NULL, NULL, NULL, NULL, NULL, 1, 1, '2024-04-19 19:52:14', 1, 1),
(322, 'Nombre 323', 'Apellido_323', 'Nombre 323 Apellido_323', 'NApellido_323@gmail.com', 'Activo', '0000-00-00 00:00:00', '88.13GB', NULL, NULL, NULL, NULL, NULL, NULL, NULL, 1, 1, '2024-04-19 19:52:14', 1, 1),
(323, 'Nombre 324', 'Apellido_324', 'Nombre 324 Apellido_324', 'NApellido_324@gmail.com', 'Activo', '0000-00-00 00:00:00', '14.52GB', NULL, NULL, NULL, NULL, NULL, NULL, NULL, 1, 1, '2024-04-19 19:52:14', 1, 1),
(324, 'Nombre 325', 'Apellido_325', 'Nombre 325 Apellido_325', 'NApellido_325@gmail.com', 'Activo', '0000-00-00 00:00:00', '70.04GB', NULL, NULL, NULL, NULL, NULL, NULL, NULL, 1, 1, '2024-04-19 19:52:14', 1, 1),
(325, 'Nombre 326', 'Apellido_326', 'Nombre 326 Apellido_326', 'NApellido_326@gmail.com', 'Activo', '0000-00-00 00:00:00', '49.07GB', NULL, NULL, NULL, NULL, NULL, NULL, NULL, 1, 1, '2024-04-19 19:52:14', 1, 1),
(326, 'Nombre 327', 'Apellido_327', 'Nombre 327 Apellido_327', 'NApellido_327@gmail.com', 'Activo', '0000-00-00 00:00:00', '97.11GB', NULL, NULL, NULL, NULL, NULL, NULL, NULL, 1, 1, '2024-04-19 19:52:14', 1, 1),
(327, 'Nombre 328', 'Apellido_328', 'Nombre 328 Apellido_328', 'NApellido_328@gmail.com', 'Activo', '0000-00-00 00:00:00', '38.14GB', NULL, NULL, NULL, NULL, NULL, NULL, NULL, 1, 1, '2024-04-19 19:52:14', 1, 1),
(328, 'Nombre 329', 'Apellido_329', 'Nombre 329 Apellido_329', 'NApellido_329@gmail.com', 'Activo', '0000-00-00 00:00:00', '68.62GB', NULL, NULL, NULL, NULL, NULL, NULL, NULL, 1, 1, '2024-04-19 19:52:14', 1, 1),
(329, 'Nombre 330', 'Apellido_330', 'Nombre 330 Apellido_330', 'NApellido_330@gmail.com', 'Activo', '0000-00-00 00:00:00', '10.73GB', NULL, NULL, NULL, NULL, NULL, NULL, NULL, 1, 1, '2024-04-19 19:52:14', 1, 1),
(330, 'Nombre 331', 'Apellido_331', 'Nombre 331 Apellido_331', 'NApellido_331@gmail.com', 'Activo', '0000-00-00 00:00:00', '12.04GB', NULL, NULL, NULL, NULL, NULL, NULL, NULL, 1, 1, '2024-04-19 19:52:14', 1, 1),
(331, 'Nombre 332', 'Apellido_332', 'Nombre 332 Apellido_332', 'NApellido_332@gmail.com', 'Activo', '0000-00-00 00:00:00', '40.86GB', NULL, NULL, NULL, NULL, NULL, NULL, NULL, 1, 1, '2024-04-19 19:52:14', 1, 1),
(332, 'Nombre 333', 'Apellido_333', 'Nombre 333 Apellido_333', 'NApellido_333@gmail.com', 'Activo', '0000-00-00 00:00:00', '43.33GB', NULL, NULL, NULL, NULL, NULL, NULL, NULL, 1, 1, '2024-04-19 19:52:14', 1, 1),
(333, 'Nombre 334', 'Apellido_334', 'Nombre 334 Apellido_334', 'NApellido_334@gmail.com', 'Activo', '0000-00-00 00:00:00', '3.23GB', NULL, NULL, NULL, NULL, NULL, NULL, NULL, 1, 1, '2024-04-19 19:52:14', 1, 1),
(334, 'Nombre 335', 'Apellido_335', 'Nombre 335 Apellido_335', 'NApellido_335@gmail.com', 'Activo', '0000-00-00 00:00:00', '47.13GB', NULL, NULL, NULL, NULL, NULL, NULL, NULL, 1, 1, '2024-04-19 19:52:14', 1, 1),
(335, 'Nombre 336', 'Apellido_336', 'Nombre 336 Apellido_336', 'NApellido_336@gmail.com', 'Activo', '0000-00-00 00:00:00', '54.59GB', NULL, NULL, NULL, NULL, NULL, NULL, NULL, 1, 1, '2024-04-19 19:52:14', 1, 1),
(336, 'Nombre 337', 'Apellido_337', 'Nombre 337 Apellido_337', 'NApellido_337@gmail.com', 'Activo', '0000-00-00 00:00:00', '19.76GB', NULL, NULL, NULL, NULL, NULL, NULL, NULL, 1, 1, '2024-04-19 19:52:14', 1, 1),
(337, 'Nombre 338', 'Apellido_338', 'Nombre 338 Apellido_338', 'NApellido_338@gmail.com', 'Activo', '0000-00-00 00:00:00', '49.09GB', NULL, NULL, NULL, NULL, NULL, NULL, NULL, 1, 1, '2024-04-19 19:52:14', 1, 1),
(338, 'Nombre 339', 'Apellido_339', 'Nombre 339 Apellido_339', 'NApellido_339@gmail.com', 'Activo', '0000-00-00 00:00:00', '41.82GB', NULL, NULL, NULL, NULL, NULL, NULL, NULL, 1, 1, '2024-04-19 19:52:14', 1, 1),
(339, 'Nombre 340', 'Apellido_340', 'Nombre 340 Apellido_340', 'NApellido_340@gmail.com', 'Activo', '0000-00-00 00:00:00', '9.5GB', NULL, NULL, NULL, NULL, NULL, NULL, NULL, 1, 1, '2024-04-19 19:52:14', 1, 1),
(340, 'Nombre 341', 'Apellido_341', 'Nombre 341 Apellido_341', 'NApellido_341@gmail.com', 'Activo', '0000-00-00 00:00:00', '71.99GB', NULL, NULL, NULL, NULL, NULL, NULL, NULL, 1, 1, '2024-04-19 19:52:14', 1, 1),
(341, 'Nombre 342', 'Apellido_342', 'Nombre 342 Apellido_342', 'NApellido_342@gmail.com', 'Activo', '0000-00-00 00:00:00', '40.55GB', NULL, NULL, NULL, NULL, NULL, NULL, NULL, 1, 1, '2024-04-19 19:52:14', 1, 1),
(342, 'Nombre 343', 'Apellido_343', 'Nombre 343 Apellido_343', 'NApellido_343@gmail.com', 'Activo', '0000-00-00 00:00:00', '56.92GB', NULL, NULL, NULL, NULL, NULL, NULL, NULL, 1, 1, '2024-04-19 19:52:14', 1, 1),
(343, 'Nombre 344', 'Apellido_344', 'Nombre 344 Apellido_344', 'NApellido_344@gmail.com', 'Activo', '0000-00-00 00:00:00', '96.42GB', NULL, NULL, NULL, NULL, NULL, NULL, NULL, 1, 1, '2024-04-19 19:52:14', 1, 1),
(344, 'Nombre 345', 'Apellido_345', 'Nombre 345 Apellido_345', 'NApellido_345@gmail.com', 'Activo', '0000-00-00 00:00:00', '36.5GB', NULL, NULL, NULL, NULL, NULL, NULL, NULL, 1, 1, '2024-04-19 19:52:14', 1, 1),
(345, 'Nombre 346', 'Apellido_346', 'Nombre 346 Apellido_346', 'NApellido_346@gmail.com', 'Activo', '0000-00-00 00:00:00', '31.05GB', NULL, NULL, NULL, NULL, NULL, NULL, NULL, 1, 1, '2024-04-19 19:52:14', 1, 1),
(346, 'Nombre 347', 'Apellido_347', 'Nombre 347 Apellido_347', 'NApellido_347@gmail.com', 'Activo', '0000-00-00 00:00:00', '89.71GB', NULL, NULL, NULL, NULL, NULL, NULL, NULL, 1, 1, '2024-04-19 19:52:14', 1, 1),
(347, 'Nombre 348', 'Apellido_348', 'Nombre 348 Apellido_348', 'NApellido_348@gmail.com', 'Activo', '0000-00-00 00:00:00', '34.71GB', NULL, NULL, NULL, NULL, NULL, NULL, NULL, 1, 1, '2024-04-19 19:52:14', 1, 1),
(348, 'Nombre 349', 'Apellido_349', 'Nombre 349 Apellido_349', 'NApellido_349@gmail.com', 'Activo', '0000-00-00 00:00:00', '84.08GB', NULL, NULL, NULL, NULL, NULL, NULL, NULL, 1, 1, '2024-04-19 19:52:14', 1, 1),
(349, 'Nombre 350', 'Apellido_350', 'Nombre 350 Apellido_350', 'NApellido_350@gmail.com', 'Activo', '0000-00-00 00:00:00', '91.35GB', NULL, NULL, NULL, NULL, NULL, NULL, NULL, 1, 1, '2024-04-19 19:52:14', 1, 1),
(350, 'Nombre 351', 'Apellido_351', 'Nombre 351 Apellido_351', 'NApellido_351@gmail.com', 'Activo', '0000-00-00 00:00:00', '89.67GB', NULL, NULL, NULL, NULL, NULL, NULL, NULL, 1, 1, '2024-04-19 19:52:14', 1, 1),
(351, 'Nombre 352', 'Apellido_352', 'Nombre 352 Apellido_352', 'NApellido_352@gmail.com', 'Activo', '0000-00-00 00:00:00', '90.45GB', NULL, NULL, NULL, NULL, NULL, NULL, NULL, 1, 1, '2024-04-19 19:52:14', 1, 1),
(352, 'Nombre 353', 'Apellido_353', 'Nombre 353 Apellido_353', 'NApellido_353@gmail.com', 'Activo', '0000-00-00 00:00:00', '74.68GB', NULL, NULL, NULL, NULL, NULL, NULL, NULL, 1, 1, '2024-04-19 19:52:14', 1, 1),
(353, 'Nombre 354', 'Apellido_354', 'Nombre 354 Apellido_354', 'NApellido_354@gmail.com', 'Activo', '0000-00-00 00:00:00', '25.02GB', NULL, NULL, NULL, NULL, NULL, NULL, NULL, 1, 1, '2024-04-19 19:52:14', 1, 1),
(354, 'Nombre 355', 'Apellido_355', 'Nombre 355 Apellido_355', 'NApellido_355@gmail.com', 'Activo', '0000-00-00 00:00:00', '23.01GB', NULL, NULL, NULL, NULL, NULL, NULL, NULL, 1, 1, '2024-04-19 19:52:14', 1, 1),
(355, 'Nombre 356', 'Apellido_356', 'Nombre 356 Apellido_356', 'NApellido_356@gmail.com', 'Activo', '0000-00-00 00:00:00', '3.6GB', NULL, NULL, NULL, NULL, NULL, NULL, NULL, 1, 1, '2024-04-19 19:52:14', 1, 1),
(356, 'Nombre 357', 'Apellido_357', 'Nombre 357 Apellido_357', 'NApellido_357@gmail.com', 'Activo', '0000-00-00 00:00:00', '31.68GB', NULL, NULL, NULL, NULL, NULL, NULL, NULL, 1, 1, '2024-04-19 19:52:14', 1, 1),
(357, 'Nombre 358', 'Apellido_358', 'Nombre 358 Apellido_358', 'NApellido_358@gmail.com', 'Activo', '0000-00-00 00:00:00', '79.99GB', NULL, NULL, NULL, NULL, NULL, NULL, NULL, 1, 1, '2024-04-19 19:52:14', 1, 1),
(358, 'Nombre 359', 'Apellido_359', 'Nombre 359 Apellido_359', 'NApellido_359@gmail.com', 'Activo', '0000-00-00 00:00:00', '97.52GB', NULL, NULL, NULL, NULL, NULL, NULL, NULL, 1, 1, '2024-04-19 19:52:14', 1, 1),
(359, 'Nombre 360', 'Apellido_360', 'Nombre 360 Apellido_360', 'NApellido_360@gmail.com', 'Activo', '0000-00-00 00:00:00', '92.71GB', NULL, NULL, NULL, NULL, NULL, NULL, NULL, 1, 1, '2024-04-19 19:52:14', 1, 1),
(360, 'Nombre 361', 'Apellido_361', 'Nombre 361 Apellido_361', 'NApellido_361@gmail.com', 'Activo', '0000-00-00 00:00:00', '73.65GB', NULL, NULL, NULL, NULL, NULL, NULL, NULL, 1, 1, '2024-04-19 19:52:14', 1, 1),
(361, 'Nombre 362', 'Apellido_362', 'Nombre 362 Apellido_362', 'NApellido_362@gmail.com', 'Activo', '0000-00-00 00:00:00', '9GB', NULL, NULL, NULL, NULL, NULL, NULL, NULL, 1, 1, '2024-04-19 19:52:14', 1, 1),
(362, 'Nombre 363', 'Apellido_363', 'Nombre 363 Apellido_363', 'NApellido_363@gmail.com', 'Activo', '0000-00-00 00:00:00', '10.53GB', NULL, NULL, NULL, NULL, NULL, NULL, NULL, 1, 1, '2024-04-19 19:52:14', 1, 1),
(363, 'Nombre 364', 'Apellido_364', 'Nombre 364 Apellido_364', 'NApellido_364@gmail.com', 'Activo', '0000-00-00 00:00:00', '63.78GB', NULL, NULL, NULL, NULL, NULL, NULL, NULL, 1, 1, '2024-04-19 19:52:14', 1, 1),
(364, 'Nombre 365', 'Apellido_365', 'Nombre 365 Apellido_365', 'NApellido_365@gmail.com', 'Activo', '0000-00-00 00:00:00', '5.85GB', NULL, NULL, NULL, NULL, NULL, NULL, NULL, 1, 1, '2024-04-19 19:52:14', 1, 1),
(365, 'Nombre 366', 'Apellido_366', 'Nombre 366 Apellido_366', 'NApellido_366@gmail.com', 'Activo', '0000-00-00 00:00:00', '28.4GB', NULL, NULL, NULL, NULL, NULL, NULL, NULL, 1, 1, '2024-04-19 19:52:14', 1, 1),
(366, 'Nombre 367', 'Apellido_367', 'Nombre 367 Apellido_367', 'NApellido_367@gmail.com', 'Activo', '0000-00-00 00:00:00', '94.25GB', NULL, NULL, NULL, NULL, NULL, NULL, NULL, 1, 1, '2024-04-19 19:52:14', 1, 1),
(367, 'Nombre 368', 'Apellido_368', 'Nombre 368 Apellido_368', 'NApellido_368@gmail.com', 'Activo', '0000-00-00 00:00:00', '79.42GB', NULL, NULL, NULL, NULL, NULL, NULL, NULL, 1, 1, '2024-04-19 19:52:14', 1, 1),
(368, 'Nombre 369', 'Apellido_369', 'Nombre 369 Apellido_369', 'NApellido_369@gmail.com', 'Activo', '0000-00-00 00:00:00', '72.88GB', NULL, NULL, NULL, NULL, NULL, NULL, NULL, 1, 1, '2024-04-19 19:52:14', 1, 1),
(369, 'Nombre 370', 'Apellido_370', 'Nombre 370 Apellido_370', 'NApellido_370@gmail.com', 'Activo', '0000-00-00 00:00:00', '34.23GB', NULL, NULL, NULL, NULL, NULL, NULL, NULL, 1, 1, '2024-04-19 19:52:14', 1, 1),
(370, 'Nombre 371', 'Apellido_371', 'Nombre 371 Apellido_371', 'NApellido_371@gmail.com', 'Activo', '0000-00-00 00:00:00', '1.65GB', NULL, NULL, NULL, NULL, NULL, NULL, NULL, 1, 1, '2024-04-19 19:52:14', 1, 1),
(371, 'Nombre 372', 'Apellido_372', 'Nombre 372 Apellido_372', 'NApellido_372@gmail.com', 'Activo', '0000-00-00 00:00:00', '25.07GB', NULL, NULL, NULL, NULL, NULL, NULL, NULL, 1, 1, '2024-04-19 19:52:14', 1, 1),
(372, 'Nombre 373', 'Apellido_373', 'Nombre 373 Apellido_373', 'NApellido_373@gmail.com', 'Activo', '0000-00-00 00:00:00', '16.83GB', NULL, NULL, NULL, NULL, NULL, NULL, NULL, 1, 1, '2024-04-19 19:52:14', 1, 1),
(373, 'Nombre 374', 'Apellido_374', 'Nombre 374 Apellido_374', 'NApellido_374@gmail.com', 'Activo', '0000-00-00 00:00:00', '8.14GB', NULL, NULL, NULL, NULL, NULL, NULL, NULL, 1, 1, '2024-04-19 19:52:14', 1, 1),
(374, 'Nombre 375', 'Apellido_375', 'Nombre 375 Apellido_375', 'NApellido_375@gmail.com', 'Activo', '0000-00-00 00:00:00', '9.17GB', NULL, NULL, NULL, NULL, NULL, NULL, NULL, 1, 1, '2024-04-19 19:52:14', 1, 1),
(375, 'Nombre 376', 'Apellido_376', 'Nombre 376 Apellido_376', 'NApellido_376@gmail.com', 'Activo', '0000-00-00 00:00:00', '67.88GB', NULL, NULL, NULL, NULL, NULL, NULL, NULL, 1, 1, '2024-04-19 19:52:14', 1, 1),
(376, 'Nombre 377', 'Apellido_377', 'Nombre 377 Apellido_377', 'NApellido_377@gmail.com', 'Activo', '0000-00-00 00:00:00', '9.36GB', NULL, NULL, NULL, NULL, NULL, NULL, NULL, 1, 1, '2024-04-19 19:52:14', 1, 1),
(377, 'Nombre 378', 'Apellido_378', 'Nombre 378 Apellido_378', 'NApellido_378@gmail.com', 'Activo', '0000-00-00 00:00:00', '51.41GB', NULL, NULL, NULL, NULL, NULL, NULL, NULL, 1, 1, '2024-04-19 19:52:14', 1, 1),
(378, 'Nombre 379', 'Apellido_379', 'Nombre 379 Apellido_379', 'NApellido_379@gmail.com', 'Activo', '0000-00-00 00:00:00', '88.14GB', NULL, NULL, NULL, NULL, NULL, NULL, NULL, 1, 1, '2024-04-19 19:52:14', 1, 1),
(379, 'Nombre 380', 'Apellido_380', 'Nombre 380 Apellido_380', 'NApellido_380@gmail.com', 'Activo', '0000-00-00 00:00:00', '74.45GB', NULL, NULL, NULL, NULL, NULL, NULL, NULL, 1, 1, '2024-04-19 19:52:14', 1, 1),
(380, 'Nombre 381', 'Apellido_381', 'Nombre 381 Apellido_381', 'NApellido_381@gmail.com', 'Activo', '0000-00-00 00:00:00', '76.36GB', NULL, NULL, NULL, NULL, NULL, NULL, NULL, 1, 1, '2024-04-19 19:52:14', 1, 1),
(381, 'Nombre 382', 'Apellido_382', 'Nombre 382 Apellido_382', 'NApellido_382@gmail.com', 'Activo', '0000-00-00 00:00:00', '4.72GB', NULL, NULL, NULL, NULL, NULL, NULL, NULL, 1, 1, '2024-04-19 19:52:14', 1, 1),
(382, 'Nombre 383', 'Apellido_383', 'Nombre 383 Apellido_383', 'NApellido_383@gmail.com', 'Activo', '0000-00-00 00:00:00', '12.44GB', NULL, NULL, NULL, NULL, NULL, NULL, NULL, 1, 1, '2024-04-19 19:52:14', 1, 1),
(383, 'Nombre 384', 'Apellido_384', 'Nombre 384 Apellido_384', 'NApellido_384@gmail.com', 'Activo', '0000-00-00 00:00:00', '77.84GB', NULL, NULL, NULL, NULL, NULL, NULL, NULL, 1, 1, '2024-04-19 19:52:14', 1, 1),
(384, 'Nombre 385', 'Apellido_385', 'Nombre 385 Apellido_385', 'NApellido_385@gmail.com', 'Activo', '0000-00-00 00:00:00', '47.91GB', NULL, NULL, NULL, NULL, NULL, NULL, NULL, 1, 1, '2024-04-19 19:52:14', 1, 1),
(385, 'Nombre 386', 'Apellido_386', 'Nombre 386 Apellido_386', 'NApellido_386@gmail.com', 'Activo', '0000-00-00 00:00:00', '82.58GB', NULL, NULL, NULL, NULL, NULL, NULL, NULL, 1, 1, '2024-04-19 19:52:14', 1, 1),
(386, 'Nombre 387', 'Apellido_387', 'Nombre 387 Apellido_387', 'NApellido_387@gmail.com', 'Activo', '0000-00-00 00:00:00', '67.83GB', NULL, NULL, NULL, NULL, NULL, NULL, NULL, 1, 1, '2024-04-19 19:52:14', 1, 1),
(387, 'Nombre 388', 'Apellido_388', 'Nombre 388 Apellido_388', 'NApellido_388@gmail.com', 'Activo', '0000-00-00 00:00:00', '56.06GB', NULL, NULL, NULL, NULL, NULL, NULL, NULL, 1, 1, '2024-04-19 19:52:14', 1, 1),
(388, 'Nombre 389', 'Apellido_389', 'Nombre 389 Apellido_389', 'NApellido_389@gmail.com', 'Activo', '0000-00-00 00:00:00', '62.03GB', NULL, NULL, NULL, NULL, NULL, NULL, NULL, 1, 1, '2024-04-19 19:52:14', 1, 1),
(389, 'Nombre 390', 'Apellido_390', 'Nombre 390 Apellido_390', 'NApellido_390@gmail.com', 'Activo', '0000-00-00 00:00:00', '19.21GB', NULL, NULL, NULL, NULL, NULL, NULL, NULL, 1, 1, '2024-04-19 19:52:14', 1, 1),
(390, 'Nombre 391', 'Apellido_391', 'Nombre 391 Apellido_391', 'NApellido_391@gmail.com', 'Activo', '0000-00-00 00:00:00', '59.83GB', NULL, NULL, NULL, NULL, NULL, NULL, NULL, 1, 1, '2024-04-19 19:52:14', 1, 1),
(391, 'Nombre 392', 'Apellido_392', 'Nombre 392 Apellido_392', 'NApellido_392@gmail.com', 'Activo', '0000-00-00 00:00:00', '95.02GB', NULL, NULL, NULL, NULL, NULL, NULL, NULL, 1, 1, '2024-04-19 19:52:14', 1, 1),
(392, 'Nombre 393', 'Apellido_393', 'Nombre 393 Apellido_393', 'NApellido_393@gmail.com', 'Activo', '0000-00-00 00:00:00', '82.45GB', NULL, NULL, NULL, NULL, NULL, NULL, NULL, 1, 1, '2024-04-19 19:52:14', 1, 1),
(393, 'Nombre 394', 'Apellido_394', 'Nombre 394 Apellido_394', 'NApellido_394@gmail.com', 'Activo', '0000-00-00 00:00:00', '32.74GB', NULL, NULL, NULL, NULL, NULL, NULL, NULL, 1, 1, '2024-04-19 19:52:14', 1, 1),
(394, 'Nombre 395', 'Apellido_395', 'Nombre 395 Apellido_395', 'NApellido_395@gmail.com', 'Activo', '0000-00-00 00:00:00', '49.71GB', NULL, NULL, NULL, NULL, NULL, NULL, NULL, 1, 1, '2024-04-19 19:52:14', 1, 1),
(395, 'Nombre 396', 'Apellido_396', 'Nombre 396 Apellido_396', 'NApellido_396@gmail.com', 'Activo', '0000-00-00 00:00:00', '88.57GB', NULL, NULL, NULL, NULL, NULL, NULL, NULL, 1, 1, '2024-04-19 19:52:14', 1, 1),
(396, 'Nombre 397', 'Apellido_397', 'Nombre 397 Apellido_397', 'NApellido_397@gmail.com', 'Activo', '0000-00-00 00:00:00', '96.93GB', NULL, NULL, NULL, NULL, NULL, NULL, NULL, 1, 1, '2024-04-19 19:52:14', 1, 1),
(397, 'Nombre 398', 'Apellido_398', 'Nombre 398 Apellido_398', 'NApellido_398@gmail.com', 'Activo', '0000-00-00 00:00:00', '90.91GB', NULL, NULL, NULL, NULL, NULL, NULL, NULL, 1, 1, '2024-04-19 19:52:14', 1, 1),
(398, 'Nombre 399', 'Apellido_399', 'Nombre 399 Apellido_399', 'NApellido_399@gmail.com', 'Activo', '0000-00-00 00:00:00', '16.41GB', NULL, NULL, NULL, NULL, NULL, NULL, NULL, 1, 1, '2024-04-19 19:52:14', 1, 1),
(399, 'Nombre 400', 'Apellido_400', 'Nombre 400 Apellido_400', 'NApellido_400@gmail.com', 'Activo', '0000-00-00 00:00:00', '36.74GB', NULL, NULL, NULL, NULL, NULL, NULL, NULL, 1, 1, '2024-04-19 19:52:14', 1, 1),
(400, 'Nombre 401', 'Apellido_401', 'Nombre 401 Apellido_401', 'NApellido_401@gmail.com', 'Activo', '0000-00-00 00:00:00', '22.33GB', NULL, NULL, NULL, NULL, NULL, NULL, NULL, 1, 1, '2024-04-19 19:52:14', 1, 1),
(401, 'Nombre 402', 'Apellido_402', 'Nombre 402 Apellido_402', 'NApellido_402@gmail.com', 'Activo', '0000-00-00 00:00:00', '67.59GB', NULL, NULL, NULL, NULL, NULL, NULL, NULL, 1, 1, '2024-04-19 19:52:14', 1, 1),
(402, 'Nombre 403', 'Apellido_403', 'Nombre 403 Apellido_403', 'NApellido_403@gmail.com', 'Activo', '0000-00-00 00:00:00', '52.69GB', NULL, NULL, NULL, NULL, NULL, NULL, NULL, 1, 1, '2024-04-19 19:52:14', 1, 1),
(403, 'Nombre 404', 'Apellido_404', 'Nombre 404 Apellido_404', 'NApellido_404@gmail.com', 'Activo', '0000-00-00 00:00:00', '49.25GB', NULL, NULL, NULL, NULL, NULL, NULL, NULL, 1, 1, '2024-04-19 19:52:14', 1, 1),
(404, 'Nombre 405', 'Apellido_405', 'Nombre 405 Apellido_405', 'NApellido_405@gmail.com', 'Activo', '0000-00-00 00:00:00', '35.71GB', NULL, NULL, NULL, NULL, NULL, NULL, NULL, 1, 1, '2024-04-19 19:52:14', 1, 1),
(405, 'Nombre 406', 'Apellido_406', 'Nombre 406 Apellido_406', 'NApellido_406@gmail.com', 'Activo', '0000-00-00 00:00:00', '48.57GB', NULL, NULL, NULL, NULL, NULL, NULL, NULL, 1, 1, '2024-04-19 19:52:14', 1, 1),
(406, 'Nombre 407', 'Apellido_407', 'Nombre 407 Apellido_407', 'NApellido_407@gmail.com', 'Activo', '0000-00-00 00:00:00', '33.97GB', NULL, NULL, NULL, NULL, NULL, NULL, NULL, 1, 1, '2024-04-19 19:52:14', 1, 1),
(407, 'Nombre 408', 'Apellido_408', 'Nombre 408 Apellido_408', 'NApellido_408@gmail.com', 'Activo', '0000-00-00 00:00:00', '17.55GB', NULL, NULL, NULL, NULL, NULL, NULL, NULL, 1, 1, '2024-04-19 19:52:14', 1, 1),
(408, 'Nombre 409', 'Apellido_409', 'Nombre 409 Apellido_409', 'NApellido_409@gmail.com', 'Activo', '0000-00-00 00:00:00', '97.66GB', NULL, NULL, NULL, NULL, NULL, NULL, NULL, 1, 1, '2024-04-19 19:52:14', 1, 1),
(409, 'Nombre 410', 'Apellido_410', 'Nombre 410 Apellido_410', 'NApellido_410@gmail.com', 'Activo', '0000-00-00 00:00:00', '97.97GB', NULL, NULL, NULL, NULL, NULL, NULL, NULL, 1, 1, '2024-04-19 19:52:14', 1, 1),
(410, 'Nombre 411', 'Apellido_411', 'Nombre 411 Apellido_411', 'NApellido_411@gmail.com', 'Activo', '0000-00-00 00:00:00', '38.16GB', NULL, NULL, NULL, NULL, NULL, NULL, NULL, 1, 1, '2024-04-19 19:52:14', 1, 1),
(411, 'Nombre 412', 'Apellido_412', 'Nombre 412 Apellido_412', 'NApellido_412@gmail.com', 'Activo', '0000-00-00 00:00:00', '30.94GB', NULL, NULL, NULL, NULL, NULL, NULL, NULL, 1, 1, '2024-04-19 19:52:14', 1, 1),
(412, 'Nombre 413', 'Apellido_413', 'Nombre 413 Apellido_413', 'NApellido_413@gmail.com', 'Activo', '0000-00-00 00:00:00', '9.77GB', NULL, NULL, NULL, NULL, NULL, NULL, NULL, 1, 1, '2024-04-19 19:52:14', 1, 1),
(413, 'Nombre 414', 'Apellido_414', 'Nombre 414 Apellido_414', 'NApellido_414@gmail.com', 'Activo', '0000-00-00 00:00:00', '74.58GB', NULL, NULL, NULL, NULL, NULL, NULL, NULL, 1, 1, '2024-04-19 19:52:14', 1, 1),
(414, 'Nombre 415', 'Apellido_415', 'Nombre 415 Apellido_415', 'NApellido_415@gmail.com', 'Activo', '0000-00-00 00:00:00', '12.89GB', NULL, NULL, NULL, NULL, NULL, NULL, NULL, 1, 1, '2024-04-19 19:52:14', 1, 1),
(415, 'Nombre 416', 'Apellido_416', 'Nombre 416 Apellido_416', 'NApellido_416@gmail.com', 'Activo', '0000-00-00 00:00:00', '5.38GB', NULL, NULL, NULL, NULL, NULL, NULL, NULL, 1, 1, '2024-04-19 19:52:14', 1, 1),
(416, 'Nombre 417', 'Apellido_417', 'Nombre 417 Apellido_417', 'NApellido_417@gmail.com', 'Activo', '0000-00-00 00:00:00', '11GB', NULL, NULL, NULL, NULL, NULL, NULL, NULL, 1, 1, '2024-04-19 19:52:14', 1, 1),
(417, 'Nombre 418', 'Apellido_418', 'Nombre 418 Apellido_418', 'NApellido_418@gmail.com', 'Activo', '0000-00-00 00:00:00', '23.27GB', NULL, NULL, NULL, NULL, NULL, NULL, NULL, 1, 1, '2024-04-19 19:52:14', 1, 1),
(418, 'Nombre 419', 'Apellido_419', 'Nombre 419 Apellido_419', 'NApellido_419@gmail.com', 'Activo', '0000-00-00 00:00:00', '21.42GB', NULL, NULL, NULL, NULL, NULL, NULL, NULL, 1, 1, '2024-04-19 19:52:14', 1, 1),
(419, 'Nombre 420', 'Apellido_420', 'Nombre 420 Apellido_420', 'NApellido_420@gmail.com', 'Activo', '0000-00-00 00:00:00', '2.36GB', NULL, NULL, NULL, NULL, NULL, NULL, NULL, 1, 1, '2024-04-19 19:52:14', 1, 1),
(420, 'Nombre 421', 'Apellido_421', 'Nombre 421 Apellido_421', 'NApellido_421@gmail.com', 'Activo', '0000-00-00 00:00:00', '0.28GB', NULL, NULL, NULL, NULL, NULL, NULL, NULL, 1, 1, '2024-04-19 19:52:14', 1, 1),
(421, 'Nombre 422', 'Apellido_422', 'Nombre 422 Apellido_422', 'NApellido_422@gmail.com', 'Activo', '0000-00-00 00:00:00', '3.75GB', NULL, NULL, NULL, NULL, NULL, NULL, NULL, 1, 1, '2024-04-19 19:52:14', 1, 1),
(422, 'Nombre 423', 'Apellido_423', 'Nombre 423 Apellido_423', 'NApellido_423@gmail.com', 'Activo', '0000-00-00 00:00:00', '31.74GB', NULL, NULL, NULL, NULL, NULL, NULL, NULL, 1, 1, '2024-04-19 19:52:14', 1, 1),
(423, 'Nombre 424', 'Apellido_424', 'Nombre 424 Apellido_424', 'NApellido_424@gmail.com', 'Activo', '0000-00-00 00:00:00', '85GB', NULL, NULL, NULL, NULL, NULL, NULL, NULL, 1, 1, '2024-04-19 19:52:14', 1, 1),
(424, 'Nombre 425', 'Apellido_425', 'Nombre 425 Apellido_425', 'NApellido_425@gmail.com', 'Activo', '0000-00-00 00:00:00', '35.22GB', NULL, NULL, NULL, NULL, NULL, NULL, NULL, 1, 1, '2024-04-19 19:52:14', 1, 1),
(425, 'Nombre 426', 'Apellido_426', 'Nombre 426 Apellido_426', 'NApellido_426@gmail.com', 'Activo', '0000-00-00 00:00:00', '90.38GB', NULL, NULL, NULL, NULL, NULL, NULL, NULL, 1, 1, '2024-04-19 19:52:14', 1, 1),
(426, 'Nombre 427', 'Apellido_427', 'Nombre 427 Apellido_427', 'NApellido_427@gmail.com', 'Activo', '0000-00-00 00:00:00', '39.89GB', NULL, NULL, NULL, NULL, NULL, NULL, NULL, 1, 1, '2024-04-19 19:52:14', 1, 1),
(427, 'Nombre 428', 'Apellido_428', 'Nombre 428 Apellido_428', 'NApellido_428@gmail.com', 'Activo', '0000-00-00 00:00:00', '81.15GB', NULL, NULL, NULL, NULL, NULL, NULL, NULL, 1, 1, '2024-04-19 19:52:14', 1, 1),
(428, 'Nombre 429', 'Apellido_429', 'Nombre 429 Apellido_429', 'NApellido_429@gmail.com', 'Activo', '0000-00-00 00:00:00', '28.8GB', NULL, NULL, NULL, NULL, NULL, NULL, NULL, 1, 1, '2024-04-19 19:52:14', 1, 1),
(429, 'Nombre 430', 'Apellido_430', 'Nombre 430 Apellido_430', 'NApellido_430@gmail.com', 'Activo', '0000-00-00 00:00:00', '1.91GB', NULL, NULL, NULL, NULL, NULL, NULL, NULL, 1, 1, '2024-04-19 19:52:14', 1, 1),
(430, 'Nombre 431', 'Apellido_431', 'Nombre 431 Apellido_431', 'NApellido_431@gmail.com', 'Activo', '0000-00-00 00:00:00', '92.09GB', NULL, NULL, NULL, NULL, NULL, NULL, NULL, 1, 1, '2024-04-19 19:52:14', 1, 1),
(431, 'Nombre 432', 'Apellido_432', 'Nombre 432 Apellido_432', 'NApellido_432@gmail.com', 'Activo', '0000-00-00 00:00:00', '40.19GB', NULL, NULL, NULL, NULL, NULL, NULL, NULL, 1, 1, '2024-04-19 19:52:14', 1, 1),
(432, 'Nombre 433', 'Apellido_433', 'Nombre 433 Apellido_433', 'NApellido_433@gmail.com', 'Activo', '0000-00-00 00:00:00', '57.24GB', NULL, NULL, NULL, NULL, NULL, NULL, NULL, 1, 1, '2024-04-19 19:52:14', 1, 1),
(433, 'Nombre 434', 'Apellido_434', 'Nombre 434 Apellido_434', 'NApellido_434@gmail.com', 'Activo', '0000-00-00 00:00:00', '97.33GB', NULL, NULL, NULL, NULL, NULL, NULL, NULL, 1, 1, '2024-04-19 19:52:14', 1, 1),
(434, 'Nombre 435', 'Apellido_435', 'Nombre 435 Apellido_435', 'NApellido_435@gmail.com', 'Activo', '0000-00-00 00:00:00', '39.1GB', NULL, NULL, NULL, NULL, NULL, NULL, NULL, 1, 1, '2024-04-19 19:52:14', 1, 1),
(435, 'Nombre 436', 'Apellido_436', 'Nombre 436 Apellido_436', 'NApellido_436@gmail.com', 'Activo', '0000-00-00 00:00:00', '51.42GB', NULL, NULL, NULL, NULL, NULL, NULL, NULL, 1, 1, '2024-04-19 19:52:14', 1, 1),
(436, 'Nombre 437', 'Apellido_437', 'Nombre 437 Apellido_437', 'NApellido_437@gmail.com', 'Activo', '0000-00-00 00:00:00', '24.15GB', NULL, NULL, NULL, NULL, NULL, NULL, NULL, 1, 1, '2024-04-19 19:52:14', 1, 1),
(437, 'Nombre 438', 'Apellido_438', 'Nombre 438 Apellido_438', 'NApellido_438@gmail.com', 'Activo', '0000-00-00 00:00:00', '23.9GB', NULL, NULL, NULL, NULL, NULL, NULL, NULL, 1, 1, '2024-04-19 19:52:14', 1, 1),
(438, 'Nombre 439', 'Apellido_439', 'Nombre 439 Apellido_439', 'NApellido_439@gmail.com', 'Activo', '0000-00-00 00:00:00', '98.76GB', NULL, NULL, NULL, NULL, NULL, NULL, NULL, 1, 1, '2024-04-19 19:52:14', 1, 1),
(439, 'Nombre 440', 'Apellido_440', 'Nombre 440 Apellido_440', 'NApellido_440@gmail.com', 'Activo', '0000-00-00 00:00:00', '45.23GB', NULL, NULL, NULL, NULL, NULL, NULL, NULL, 1, 1, '2024-04-19 19:52:14', 1, 1),
(440, 'Nombre 441', 'Apellido_441', 'Nombre 441 Apellido_441', 'NApellido_441@gmail.com', 'Activo', '0000-00-00 00:00:00', '79.95GB', NULL, NULL, NULL, NULL, NULL, NULL, NULL, 1, 1, '2024-04-19 19:52:14', 1, 1),
(441, 'Nombre 442', 'Apellido_442', 'Nombre 442 Apellido_442', 'NApellido_442@gmail.com', 'Activo', '0000-00-00 00:00:00', '42.54GB', NULL, NULL, NULL, NULL, NULL, NULL, NULL, 1, 1, '2024-04-19 19:52:14', 1, 1),
(442, 'Nombre 443', 'Apellido_443', 'Nombre 443 Apellido_443', 'NApellido_443@gmail.com', 'Activo', '0000-00-00 00:00:00', '95.74GB', NULL, NULL, NULL, NULL, NULL, NULL, NULL, 1, 1, '2024-04-19 19:52:14', 1, 1),
(443, 'Nombre 444', 'Apellido_444', 'Nombre 444 Apellido_444', 'NApellido_444@gmail.com', 'Activo', '0000-00-00 00:00:00', '55.32GB', NULL, NULL, NULL, NULL, NULL, NULL, NULL, 1, 1, '2024-04-19 19:52:14', 1, 1),
(444, 'Nombre 445', 'Apellido_445', 'Nombre 445 Apellido_445', 'NApellido_445@gmail.com', 'Activo', '0000-00-00 00:00:00', '83.36GB', NULL, NULL, NULL, NULL, NULL, NULL, NULL, 1, 1, '2024-04-19 19:52:14', 1, 1),
(445, 'Nombre 446', 'Apellido_446', 'Nombre 446 Apellido_446', 'NApellido_446@gmail.com', 'Activo', '0000-00-00 00:00:00', '96.8GB', NULL, NULL, NULL, NULL, NULL, NULL, NULL, 1, 1, '2024-04-19 19:52:14', 1, 1),
(446, 'Nombre 447', 'Apellido_447', 'Nombre 447 Apellido_447', 'NApellido_447@gmail.com', 'Activo', '0000-00-00 00:00:00', '13.48GB', NULL, NULL, NULL, NULL, NULL, NULL, NULL, 1, 1, '2024-04-19 19:52:14', 1, 1),
(447, 'Nombre 448', 'Apellido_448', 'Nombre 448 Apellido_448', 'NApellido_448@gmail.com', 'Activo', '0000-00-00 00:00:00', '90.13GB', NULL, NULL, NULL, NULL, NULL, NULL, NULL, 1, 1, '2024-04-19 19:52:14', 1, 1),
(448, 'Nombre 449', 'Apellido_449', 'Nombre 449 Apellido_449', 'NApellido_449@gmail.com', 'Activo', '0000-00-00 00:00:00', '55.23GB', NULL, NULL, NULL, NULL, NULL, NULL, NULL, 1, 1, '2024-04-19 19:52:14', 1, 1),
(449, 'Nombre 450', 'Apellido_450', 'Nombre 450 Apellido_450', 'NApellido_450@gmail.com', 'Activo', '0000-00-00 00:00:00', '19.02GB', NULL, NULL, NULL, NULL, NULL, NULL, NULL, 1, 1, '2024-04-19 19:52:14', 1, 1),
(450, 'Nombre 451', 'Apellido_451', 'Nombre 451 Apellido_451', 'NApellido_451@gmail.com', 'Activo', '0000-00-00 00:00:00', '53.14GB', NULL, NULL, NULL, NULL, NULL, NULL, NULL, 1, 1, '2024-04-19 19:52:14', 1, 1),
(451, 'Nombre 452', 'Apellido_452', 'Nombre 452 Apellido_452', 'NApellido_452@gmail.com', 'Activo', '0000-00-00 00:00:00', '39.04GB', NULL, NULL, NULL, NULL, NULL, NULL, NULL, 1, 1, '2024-04-19 19:52:14', 1, 1),
(452, 'Nombre 453', 'Apellido_453', 'Nombre 453 Apellido_453', 'NApellido_453@gmail.com', 'Activo', '0000-00-00 00:00:00', '51.88GB', NULL, NULL, NULL, NULL, NULL, NULL, NULL, 1, 1, '2024-04-19 19:52:14', 1, 1),
(453, 'Nombre 454', 'Apellido_454', 'Nombre 454 Apellido_454', 'NApellido_454@gmail.com', 'Activo', '0000-00-00 00:00:00', '82.91GB', NULL, NULL, NULL, NULL, NULL, NULL, NULL, 1, 1, '2024-04-19 19:52:14', 1, 1),
(454, 'Nombre 455', 'Apellido_455', 'Nombre 455 Apellido_455', 'NApellido_455@gmail.com', 'Activo', '0000-00-00 00:00:00', '48.73GB', NULL, NULL, NULL, NULL, NULL, NULL, NULL, 1, 1, '2024-04-19 19:52:14', 1, 1),
(455, 'Nombre 456', 'Apellido_456', 'Nombre 456 Apellido_456', 'NApellido_456@gmail.com', 'Activo', '0000-00-00 00:00:00', '48.93GB', NULL, NULL, NULL, NULL, NULL, NULL, NULL, 1, 1, '2024-04-19 19:52:14', 1, 1),
(456, 'Nombre 457', 'Apellido_457', 'Nombre 457 Apellido_457', 'NApellido_457@gmail.com', 'Activo', '0000-00-00 00:00:00', '67.42GB', NULL, NULL, NULL, NULL, NULL, NULL, NULL, 1, 1, '2024-04-19 19:52:14', 1, 1),
(457, 'Nombre 458', 'Apellido_458', 'Nombre 458 Apellido_458', 'NApellido_458@gmail.com', 'Activo', '0000-00-00 00:00:00', '41.41GB', NULL, NULL, NULL, NULL, NULL, NULL, NULL, 1, 1, '2024-04-19 19:52:14', 1, 1),
(458, 'Nombre 459', 'Apellido_459', 'Nombre 459 Apellido_459', 'NApellido_459@gmail.com', 'Activo', '0000-00-00 00:00:00', '16.87GB', NULL, NULL, NULL, NULL, NULL, NULL, NULL, 1, 1, '2024-04-19 19:52:14', 1, 1),
(459, 'Nombre 460', 'Apellido_460', 'Nombre 460 Apellido_460', 'NApellido_460@gmail.com', 'Activo', '0000-00-00 00:00:00', '44.46GB', NULL, NULL, NULL, NULL, NULL, NULL, NULL, 1, 1, '2024-04-19 19:52:14', 1, 1),
(460, 'Nombre 461', 'Apellido_461', 'Nombre 461 Apellido_461', 'NApellido_461@gmail.com', 'Activo', '0000-00-00 00:00:00', '47.56GB', NULL, NULL, NULL, NULL, NULL, NULL, NULL, 1, 1, '2024-04-19 19:52:14', 1, 1),
(461, 'Nombre 462', 'Apellido_462', 'Nombre 462 Apellido_462', 'NApellido_462@gmail.com', 'Activo', '0000-00-00 00:00:00', '56.45GB', NULL, NULL, NULL, NULL, NULL, NULL, NULL, 1, 1, '2024-04-19 19:52:14', 1, 1),
(462, 'Nombre 463', 'Apellido_463', 'Nombre 463 Apellido_463', 'NApellido_463@gmail.com', 'Activo', '0000-00-00 00:00:00', '86.13GB', NULL, NULL, NULL, NULL, NULL, NULL, NULL, 1, 1, '2024-04-19 19:52:14', 1, 1),
(463, 'Nombre 464', 'Apellido_464', 'Nombre 464 Apellido_464', 'NApellido_464@gmail.com', 'Activo', '0000-00-00 00:00:00', '55.11GB', NULL, NULL, NULL, NULL, NULL, NULL, NULL, 1, 1, '2024-04-19 19:52:14', 1, 1),
(464, 'Nombre 465', 'Apellido_465', 'Nombre 465 Apellido_465', 'NApellido_465@gmail.com', 'Activo', '0000-00-00 00:00:00', '80.72GB', NULL, NULL, NULL, NULL, NULL, NULL, NULL, 1, 1, '2024-04-19 19:52:14', 1, 1),
(465, 'Nombre 466', 'Apellido_466', 'Nombre 466 Apellido_466', 'NApellido_466@gmail.com', 'Activo', '0000-00-00 00:00:00', '79.5GB', NULL, NULL, NULL, NULL, NULL, NULL, NULL, 1, 1, '2024-04-19 19:52:14', 1, 1),
(466, 'Nombre 467', 'Apellido_467', 'Nombre 467 Apellido_467', 'NApellido_467@gmail.com', 'Activo', '0000-00-00 00:00:00', '3.45GB', NULL, NULL, NULL, NULL, NULL, NULL, NULL, 1, 1, '2024-04-19 19:52:14', 1, 1),
(467, 'Nombre 468', 'Apellido_468', 'Nombre 468 Apellido_468', 'NApellido_468@gmail.com', 'Activo', '0000-00-00 00:00:00', '11.9GB', NULL, NULL, NULL, NULL, NULL, NULL, NULL, 1, 1, '2024-04-19 19:52:14', 1, 1),
(468, 'Nombre 469', 'Apellido_469', 'Nombre 469 Apellido_469', 'NApellido_469@gmail.com', 'Activo', '0000-00-00 00:00:00', '85.91GB', NULL, NULL, NULL, NULL, NULL, NULL, NULL, 1, 1, '2024-04-19 19:52:14', 1, 1),
(469, 'Nombre 470', 'Apellido_470', 'Nombre 470 Apellido_470', 'NApellido_470@gmail.com', 'Activo', '0000-00-00 00:00:00', '32.73GB', NULL, NULL, NULL, NULL, NULL, NULL, NULL, 1, 1, '2024-04-19 19:52:14', 1, 1),
(470, 'Nombre 471', 'Apellido_471', 'Nombre 471 Apellido_471', 'NApellido_471@gmail.com', 'Activo', '0000-00-00 00:00:00', '48.53GB', NULL, NULL, NULL, NULL, NULL, NULL, NULL, 1, 1, '2024-04-19 19:52:14', 1, 1),
(471, 'Nombre 472', 'Apellido_472', 'Nombre 472 Apellido_472', 'NApellido_472@gmail.com', 'Activo', '0000-00-00 00:00:00', '69.19GB', NULL, NULL, NULL, NULL, NULL, NULL, NULL, 1, 1, '2024-04-19 19:52:14', 1, 1),
(472, 'Nombre 473', 'Apellido_473', 'Nombre 473 Apellido_473', 'NApellido_473@gmail.com', 'Activo', '0000-00-00 00:00:00', '44.28GB', NULL, NULL, NULL, NULL, NULL, NULL, NULL, 1, 1, '2024-04-19 19:52:14', 1, 1),
(473, 'Nombre 474', 'Apellido_474', 'Nombre 474 Apellido_474', 'NApellido_474@gmail.com', 'Activo', '0000-00-00 00:00:00', '56.59GB', NULL, NULL, NULL, NULL, NULL, NULL, NULL, 1, 1, '2024-04-19 19:52:14', 1, 1),
(474, 'Nombre 475', 'Apellido_475', 'Nombre 475 Apellido_475', 'NApellido_475@gmail.com', 'Activo', '0000-00-00 00:00:00', '91.12GB', NULL, NULL, NULL, NULL, NULL, NULL, NULL, 1, 1, '2024-04-19 19:52:14', 1, 1),
(475, 'Nombre 476', 'Apellido_476', 'Nombre 476 Apellido_476', 'NApellido_476@gmail.com', 'Activo', '0000-00-00 00:00:00', '50.93GB', NULL, NULL, NULL, NULL, NULL, NULL, NULL, 1, 1, '2024-04-19 19:52:14', 1, 1);
INSERT INTO `datos` (`dat_id`, `dat_nombres`, `dat_apellidos`, `dat_nombres_completos`, `dat_email`, `dat_estado`, `dat_ultimo_acceso`, `dat_espacio_uso`, `dat_codigo`, `dat_dni`, `dat_celular`, `dat_correo_personal`, `dat_facultad`, `dat_escuela`, `dat_sede`, `dat_origen`, `dat_arc_id`, `dat_fecha_reg`, `dat_usu_id`, `dat_activo`) VALUES
(476, 'Nombre 477', 'Apellido_477', 'Nombre 477 Apellido_477', 'NApellido_477@gmail.com', 'Activo', '0000-00-00 00:00:00', '75.8GB', NULL, NULL, NULL, NULL, NULL, NULL, NULL, 1, 1, '2024-04-19 19:52:14', 1, 1),
(477, 'Nombre 478', 'Apellido_478', 'Nombre 478 Apellido_478', 'NApellido_478@gmail.com', 'Activo', '0000-00-00 00:00:00', '74.04GB', NULL, NULL, NULL, NULL, NULL, NULL, NULL, 1, 1, '2024-04-19 19:52:14', 1, 1),
(478, 'Nombre 479', 'Apellido_479', 'Nombre 479 Apellido_479', 'NApellido_479@gmail.com', 'Activo', '0000-00-00 00:00:00', '45.69GB', NULL, NULL, NULL, NULL, NULL, NULL, NULL, 1, 1, '2024-04-19 19:52:14', 1, 1),
(479, 'Nombre 480', 'Apellido_480', 'Nombre 480 Apellido_480', 'NApellido_480@gmail.com', 'Activo', '0000-00-00 00:00:00', '43.81GB', NULL, NULL, NULL, NULL, NULL, NULL, NULL, 1, 1, '2024-04-19 19:52:14', 1, 1),
(480, 'Nombre 481', 'Apellido_481', 'Nombre 481 Apellido_481', 'NApellido_481@gmail.com', 'Activo', '0000-00-00 00:00:00', '49.02GB', NULL, NULL, NULL, NULL, NULL, NULL, NULL, 1, 1, '2024-04-19 19:52:14', 1, 1),
(481, 'Nombre 482', 'Apellido_482', 'Nombre 482 Apellido_482', 'NApellido_482@gmail.com', 'Activo', '0000-00-00 00:00:00', '17.15GB', NULL, NULL, NULL, NULL, NULL, NULL, NULL, 1, 1, '2024-04-19 19:52:14', 1, 1),
(482, 'Nombre 483', 'Apellido_483', 'Nombre 483 Apellido_483', 'NApellido_483@gmail.com', 'Activo', '0000-00-00 00:00:00', '12.85GB', NULL, NULL, NULL, NULL, NULL, NULL, NULL, 1, 1, '2024-04-19 19:52:14', 1, 1),
(483, 'Nombre 484', 'Apellido_484', 'Nombre 484 Apellido_484', 'NApellido_484@gmail.com', 'Activo', '0000-00-00 00:00:00', '22.28GB', NULL, NULL, NULL, NULL, NULL, NULL, NULL, 1, 1, '2024-04-19 19:52:14', 1, 1),
(484, 'Nombre 485', 'Apellido_485', 'Nombre 485 Apellido_485', 'NApellido_485@gmail.com', 'Activo', '0000-00-00 00:00:00', '25.86GB', NULL, NULL, NULL, NULL, NULL, NULL, NULL, 1, 1, '2024-04-19 19:52:14', 1, 1),
(485, 'Nombre 486', 'Apellido_486', 'Nombre 486 Apellido_486', 'NApellido_486@gmail.com', 'Activo', '0000-00-00 00:00:00', '69.12GB', NULL, NULL, NULL, NULL, NULL, NULL, NULL, 1, 1, '2024-04-19 19:52:14', 1, 1),
(486, 'Nombre 487', 'Apellido_487', 'Nombre 487 Apellido_487', 'NApellido_487@gmail.com', 'Activo', '0000-00-00 00:00:00', '61.66GB', NULL, NULL, NULL, NULL, NULL, NULL, NULL, 1, 1, '2024-04-19 19:52:14', 1, 1),
(487, 'Nombre 488', 'Apellido_488', 'Nombre 488 Apellido_488', 'NApellido_488@gmail.com', 'Activo', '0000-00-00 00:00:00', '62.44GB', NULL, NULL, NULL, NULL, NULL, NULL, NULL, 1, 1, '2024-04-19 19:52:14', 1, 1),
(488, 'Nombre 489', 'Apellido_489', 'Nombre 489 Apellido_489', 'NApellido_489@gmail.com', 'Activo', '0000-00-00 00:00:00', '48.32GB', NULL, NULL, NULL, NULL, NULL, NULL, NULL, 1, 1, '2024-04-19 19:52:14', 1, 1),
(489, 'Nombre 490', 'Apellido_490', 'Nombre 490 Apellido_490', 'NApellido_490@gmail.com', 'Activo', '0000-00-00 00:00:00', '42.05GB', NULL, NULL, NULL, NULL, NULL, NULL, NULL, 1, 1, '2024-04-19 19:52:14', 1, 1),
(490, 'Nombre 491', 'Apellido_491', 'Nombre 491 Apellido_491', 'NApellido_491@gmail.com', 'Activo', '0000-00-00 00:00:00', '49.54GB', NULL, NULL, NULL, NULL, NULL, NULL, NULL, 1, 1, '2024-04-19 19:52:14', 1, 1),
(491, 'Nombre 492', 'Apellido_492', 'Nombre 492 Apellido_492', 'NApellido_492@gmail.com', 'Activo', '0000-00-00 00:00:00', '90.53GB', NULL, NULL, NULL, NULL, NULL, NULL, NULL, 1, 1, '2024-04-19 19:52:14', 1, 1),
(492, 'Nombre 493', 'Apellido_493', 'Nombre 493 Apellido_493', 'NApellido_493@gmail.com', 'Activo', '0000-00-00 00:00:00', '98.48GB', NULL, NULL, NULL, NULL, NULL, NULL, NULL, 1, 1, '2024-04-19 19:52:14', 1, 1),
(493, 'Nombre 494', 'Apellido_494', 'Nombre 494 Apellido_494', 'NApellido_494@gmail.com', 'Activo', '0000-00-00 00:00:00', '79.08GB', NULL, NULL, NULL, NULL, NULL, NULL, NULL, 1, 1, '2024-04-19 19:52:14', 1, 1),
(494, 'Nombre 495', 'Apellido_495', 'Nombre 495 Apellido_495', 'NApellido_495@gmail.com', 'Activo', '0000-00-00 00:00:00', '96.61GB', NULL, NULL, NULL, NULL, NULL, NULL, NULL, 1, 1, '2024-04-19 19:52:14', 1, 1),
(495, 'Nombre 496', 'Apellido_496', 'Nombre 496 Apellido_496', 'NApellido_496@gmail.com', 'Activo', '0000-00-00 00:00:00', '23.78GB', NULL, NULL, NULL, NULL, NULL, NULL, NULL, 1, 1, '2024-04-19 19:52:14', 1, 1),
(496, 'Nombre 497', 'Apellido_497', 'Nombre 497 Apellido_497', 'NApellido_497@gmail.com', 'Activo', '0000-00-00 00:00:00', '63.65GB', NULL, NULL, NULL, NULL, NULL, NULL, NULL, 1, 1, '2024-04-19 19:52:14', 1, 1),
(497, 'Nombre 498', 'Apellido_498', 'Nombre 498 Apellido_498', 'NApellido_498@gmail.com', 'Activo', '0000-00-00 00:00:00', '97.24GB', NULL, NULL, NULL, NULL, NULL, NULL, NULL, 1, 1, '2024-04-19 19:52:14', 1, 1),
(498, 'Nombre 499', 'Apellido_499', 'Nombre 499 Apellido_499', 'NApellido_499@gmail.com', 'Activo', '0000-00-00 00:00:00', '88.9GB', NULL, NULL, NULL, NULL, NULL, NULL, NULL, 1, 1, '2024-04-19 19:52:14', 1, 1),
(499, 'Nombre 500', 'Apellido_500', 'Nombre 500 Apellido_500', 'NApellido_500@gmail.com', 'Activo', '0000-00-00 00:00:00', '39GB', NULL, NULL, NULL, NULL, NULL, NULL, NULL, 1, 1, '2024-04-19 19:52:14', 1, 1),
(500, 'Nombre 501', 'Apellido_501', 'Nombre 501 Apellido_501', 'NApellido_501@gmail.com', 'Activo', '0000-00-00 00:00:00', '24.43GB', NULL, NULL, NULL, NULL, NULL, NULL, NULL, 1, 1, '2024-04-19 19:52:14', 1, 1),
(501, 'Nombre 502', 'Apellido_502', 'Nombre 502 Apellido_502', 'NApellido_502@gmail.com', 'Activo', '0000-00-00 00:00:00', '69.48GB', NULL, NULL, NULL, NULL, NULL, NULL, NULL, 1, 1, '2024-04-19 19:52:14', 1, 1),
(502, 'Nombre 503', 'Apellido_503', 'Nombre 503 Apellido_503', 'NApellido_503@gmail.com', 'Activo', '0000-00-00 00:00:00', '52.36GB', NULL, NULL, NULL, NULL, NULL, NULL, NULL, 1, 1, '2024-04-19 19:52:14', 1, 1),
(503, 'Nombre 504', 'Apellido_504', 'Nombre 504 Apellido_504', 'NApellido_504@gmail.com', 'Activo', '0000-00-00 00:00:00', '43.81GB', NULL, NULL, NULL, NULL, NULL, NULL, NULL, 1, 1, '2024-04-19 19:52:14', 1, 1),
(504, 'Nombre 9', 'Apellido_9', 'Nombre 9 Apellido_9', 'NApellido_9@gmail.com', 'Activo', '0000-00-00 00:00:00', '87.73GB', NULL, NULL, NULL, NULL, NULL, NULL, NULL, 1, 2, '2024-04-19 20:06:28', 1, 1);

-- --------------------------------------------------------

--
-- Estructura de tabla para la tabla `empresa`
--

CREATE TABLE `empresa` (
  `emp_id` int(11) NOT NULL,
  `emp_razonsocial` varchar(255) NOT NULL,
  `emp_ruc` varchar(11) NOT NULL,
  `emp_siglas` varchar(100) NOT NULL,
  `emp_ubi_id` char(6) NOT NULL,
  `emp_direccion` varchar(255) NOT NULL,
  `emp_telefono` int(15) NOT NULL,
  `emp_fechafundacion` date NOT NULL,
  `emp_correo` varchar(150) DEFAULT NULL,
  `emp_sitioweb` varchar(150) DEFAULT NULL,
  `emp_facebook` varchar(150) DEFAULT NULL,
  `emp_youtube` varchar(150) DEFAULT NULL,
  `emp_twitter` varchar(150) DEFAULT NULL,
  `emp_instagram` varchar(150) DEFAULT NULL,
  `emp_logo` varchar(50) NOT NULL,
  `emp_imgmarcaagua` varchar(50) DEFAULT NULL,
  `emp_imgfondo` varchar(50) NOT NULL,
  `emp_banner` varchar(50) NOT NULL,
  `emp_fecharegistro` date NOT NULL DEFAULT current_timestamp(),
  `emp_descripcion` varchar(255) NOT NULL,
  `emp_estado` int(1) NOT NULL DEFAULT 1
) ENGINE=InnoDB DEFAULT CHARSET=utf8mb4 COLLATE=utf8mb4_general_ci;

--
-- Volcado de datos para la tabla `empresa`
--

INSERT INTO `empresa` (`emp_id`, `emp_razonsocial`, `emp_ruc`, `emp_siglas`, `emp_ubi_id`, `emp_direccion`, `emp_telefono`, `emp_fechafundacion`, `emp_correo`, `emp_sitioweb`, `emp_facebook`, `emp_youtube`, `emp_twitter`, `emp_instagram`, `emp_logo`, `emp_imgmarcaagua`, `emp_imgfondo`, `emp_banner`, `emp_fecharegistro`, `emp_descripcion`, `emp_estado`) VALUES
(1, 'UNIVERSIDAD NACIONAL DE INGENIERIA', '20304055450', 'UNI', '140101', 'AV. HABICH S/N', 15353222, '1824-05-10', 'uni@uni.edu.pe', 'https://uni.edu.pe/', 'https://www.facebook.com/uni', 'https://www.youtube.com/uni', 'https://www.twitter.com/uni', 'https://www.instagram.com/uni', '20304055450-logo.png', '20304055450-marcaagua.jpg', '20304055450-fondo.jpg', '20304055450-banner.png', '2024-01-22', 'UNT OFICIAL', 1);

-- --------------------------------------------------------

--
-- Estructura de tabla para la tabla `menu`
--

CREATE TABLE `menu` (
  `men_id` int(11) NOT NULL,
  `men_nombre` varchar(100) NOT NULL,
  `men_descripcion` varchar(100) DEFAULT NULL,
  `men_url` varchar(100) NOT NULL,
  `men_padre` int(11) NOT NULL,
  `men_icono` varchar(20) DEFAULT NULL,
  `men_orden` int(5) NOT NULL,
  `men_estado` int(1) NOT NULL DEFAULT 1
) ENGINE=InnoDB DEFAULT CHARSET=utf8mb4 COLLATE=utf8mb4_general_ci;

--
-- Volcado de datos para la tabla `menu`
--

INSERT INTO `menu` (`men_id`, `men_nombre`, `men_descripcion`, `men_url`, `men_padre`, `men_icono`, `men_orden`, `men_estado`) VALUES
(1, 'Padre', 'Módulo padre, se muestra con icono como módulo principal', '#', 1, '', 0, 1),
(2, 'Accesos', 'Módulo de seguridad, control de permisos, roles y usuarios', '#', 1, 'bx bx-lock', 99, 1),
(3, 'Subir data', 'Módulo por donde se subiran los datos masivos de la cuenta al sistema', 'subirdata', 7, '', 1, 1),
(4, 'Usuario', 'Control de usuarios', 'usuario', 0, '', 1, 1),
(5, 'Módulo', 'Control de menús', 'modulo', 2, '', 3, 1),
(6, 'Mantenimiento', 'Módulo de encuestas', '#', 1, 'bx bx-cog', 4, 1),
(7, 'Datos', 'Módulo de registro y validación  de cuentas', '#', 1, 'bx bx-book-content', 2, 1),
(8, 'Generar data', 'Módulo de generación de datos', 'generardata', 7, '', 2, 1),
(9, 'Visualizar data', 'Módulo de visualización de datos', 'visualizardata', 7, '', 3, 1),
(10, 'Exportar data', 'Módulo de exportación de datos', 'exportardata', 7, '', 4, 1),
(11, 'Roles', 'Creación y listado de roles y control de accesos', 'roles', 2, '', 2, 1),
(12, 'Académico', 'Módulo para la configuración', '#', 1, 'fa fa-suitcase', 20, 0),
(13, 'Usuarios', 'Módulo de creación y listado de usuarios', 'usuarios', 2, '', 1, 1),
(14, 'Facultad', 'Módulo para creación de facultades', 'facultad', 12, '', 1, 0),
(15, 'Asignación', 'Módulo de asignaciones', 'asignacion', 7, '', 5, 0),
(16, 'Matriculas', 'Módulo de matriculas', 'matriculas', 7, '', 6, 0),
(17, 'Encuestas', '', 'encuesta', 6, '', 1, 0),
(18, 'Título encuesta', '', 'tituloencuesta', 6, '', 2, 0),
(19, 'Valores', '', 'valores', 6, '', 3, 0),
(20, 'Preguntas', '', 'preguntas', 6, '', 4, 0),
(21, 'Escuela', '', 'escuela', 12, '', 2, 0),
(22, 'Sede', '', 'sede', 12, '', 3, 0),
(23, 'Empresa', '', '#', 1, 'bx bx-building', 100, 1),
(24, 'Datos', '', 'empresa', 23, '', 1, 1),
(25, 'Configuración', 'Módulo de bienvenidas', 'configuracion', 23, '', 2, 1),
(26, 'Encuesta', 'Módulo de encuestas', '#', 1, 'fa fa-file-text', 30, 0),
(27, 'Encuestar', '', 'encuestar', 26, '', 1, 0),
(28, 'Validar', '', 'validar', 26, '', 2, 0),
(29, 'Generar', '', 'generar', 26, '', 3, 0),
(31, 'Reportes', '', '#', 1, 'fa fa-bar-chart', 31, 0),
(32, 'Estudiantes con encuesta', '', 'reporteencuestas', 31, '', 1, 0),
(33, 'Consolidado de encuesta', '', 'reporteconsolidado', 31, '', 2, 0),
(34, 'Docentes con encuesta', '', 'reportedocentes', 31, '', 3, 0),
(35, 'Consolidado por departamento', '', 'resultadodepartamento', 31, '', 4, 0),
(36, 'Resumen por curso', '', 'resumenxcurso', 31, '', 1, 0),
(37, 'Seguridad', '', '#', 1, 'bx bx-lock', 70, 1),
(38, 'Registro de Actividades (Bitácora)', '', 'bitacora', 37, '', 2, 1),
(39, 'Backup', '', 'backup', 37, '', 1, 1),
(40, 'Encuestas Validadas', '', 'encuestasvalidadas', 31, '', 2, 0);

-- --------------------------------------------------------

--
-- Estructura de tabla para la tabla `permiso`
--

CREATE TABLE `permiso` (
  `pso_id` int(11) NOT NULL,
  `pso_rol_id` int(11) NOT NULL,
  `pso_men_id` int(11) NOT NULL,
  `pso_estado` int(1) NOT NULL DEFAULT 1,
  `pso_ver` int(1) NOT NULL DEFAULT 0,
  `pso_agregar` int(1) NOT NULL DEFAULT 0,
  `pso_editar` int(1) NOT NULL DEFAULT 0,
  `pso_eliminar` int(1) NOT NULL DEFAULT 0
) ENGINE=InnoDB DEFAULT CHARSET=utf8mb4 COLLATE=utf8mb4_general_ci;

--
-- Volcado de datos para la tabla `permiso`
--

INSERT INTO `permiso` (`pso_id`, `pso_rol_id`, `pso_men_id`, `pso_estado`, `pso_ver`, `pso_agregar`, `pso_editar`, `pso_eliminar`) VALUES
(1, 1, 14, 1, 1, 1, 1, 1),
(2, 1, 21, 1, 1, 1, 1, 1),
(3, 1, 22, 1, 1, 1, 1, 1),
(5, 1, 8, 1, 1, 1, 1, 1),
(6, 1, 9, 1, 1, 1, 1, 1),
(7, 1, 10, 1, 1, 1, 1, 1),
(8, 1, 15, 1, 1, 1, 1, 1),
(9, 1, 16, 1, 1, 1, 1, 1),
(10, 1, 17, 1, 1, 1, 1, 1),
(12, 1, 17, 1, 1, 1, 1, 1),
(13, 1, 19, 1, 1, 1, 1, 1),
(14, 1, 13, 1, 1, 1, 1, 1),
(15, 1, 11, 1, 1, 1, 1, 1),
(16, 1, 5, 1, 1, 1, 1, 1),
(17, 1, 17, 1, 1, 1, 1, 1),
(18, 1, 24, 1, 1, 1, 1, 1),
(19, 1, 18, 1, 1, 1, 1, 1),
(20, 1, 20, 1, 1, 1, 1, 1),
(21, 1, 14, 1, 1, 1, 1, 1),
(22, 1, 21, 1, 1, 1, 1, 1),
(23, 1, 22, 1, 1, 1, 1, 1),
(25, 1, 27, 1, 1, 1, 1, 1),
(26, 1, 28, 1, 1, 1, 1, 1),
(27, 1, 29, 1, 1, 1, 1, 1),
(31, 1, 32, 1, 1, 1, 1, 1),
(32, 1, 32, 1, 1, 1, 1, 1),
(35, 1, 33, 1, 1, 1, 1, 1),
(36, 1, 34, 1, 1, 1, 1, 1),
(37, 1, 33, 1, 1, 1, 1, 1),
(38, 1, 34, 1, 1, 1, 1, 1),
(41, 1, 35, 1, 1, 1, 1, 1),
(54, 2, 32, 1, 1, 0, 0, 0),
(57, 2, 35, 1, 1, 0, 0, 0),
(58, 2, 27, 1, 1, 0, 0, 0),
(59, 2, 17, 1, 1, 0, 0, 0),
(60, 2, 18, 1, 1, 0, 0, 0),
(61, 2, 19, 1, 1, 0, 0, 0),
(62, 2, 20, 1, 1, 0, 0, 0),
(63, 2, 33, 1, 1, 0, 0, 0),
(64, 2, 34, 1, 1, 0, 0, 0),
(65, 2, 14, 1, 1, 0, 0, 0),
(66, 2, 21, 1, 1, 0, 0, 0),
(67, 2, 22, 1, 1, 0, 0, 0),
(70, 2, 13, 1, 1, 0, 0, 0),
(71, 2, 13, 1, 1, 0, 0, 0),
(72, 2, 24, 1, 1, 0, 0, 0),
(74, 2, 24, 1, 1, 0, 0, 0),
(78, 1, 3, 1, 1, 1, 1, 1);

-- --------------------------------------------------------

--
-- Estructura de tabla para la tabla `rol`
--

CREATE TABLE `rol` (
  `rol_id` int(11) NOT NULL,
  `rol_nombre` varchar(50) NOT NULL,
  `rol_descripcion` varchar(50) DEFAULT NULL,
  `rol_estado` int(1) NOT NULL DEFAULT 1
) ENGINE=InnoDB DEFAULT CHARSET=utf8mb4 COLLATE=utf8mb4_general_ci;

--
-- Volcado de datos para la tabla `rol`
--

INSERT INTO `rol` (`rol_id`, `rol_nombre`, `rol_descripcion`, `rol_estado`) VALUES
(1, 'Super Administrador', 'Acceso a todo el sistema', 1),
(2, 'Administrador', 'Acceso Limitado', 1);

-- --------------------------------------------------------

--
-- Estructura de tabla para la tabla `ubigeo`
--

CREATE TABLE `ubigeo` (
  `ubigeo1` char(6) DEFAULT NULL,
  `dpto` varchar(32) DEFAULT NULL,
  `prov` varchar(32) DEFAULT NULL,
  `distrito` varchar(32) DEFAULT NULL,
  `ubigeo2` char(6) DEFAULT NULL,
  `orden` varchar(1) DEFAULT '0'
) ENGINE=MyISAM DEFAULT CHARSET=utf8 COLLATE=utf8_general_ci;

--
-- Volcado de datos para la tabla `ubigeo`
--

INSERT INTO `ubigeo` (`ubigeo1`, `dpto`, `prov`, `distrito`, `ubigeo2`, `orden`) VALUES
('010101', 'AMAZONAS', 'CHACHAPOYAS', 'CHACHAPOYAS', '010101', '0'),
('010102', 'AMAZONAS', 'CHACHAPOYAS', 'ASUNCION', '010102', '0'),
('010103', 'AMAZONAS', 'CHACHAPOYAS', 'BALSAS', '010103', '0'),
('010104', 'AMAZONAS', 'CHACHAPOYAS', 'CHETO', '010104', '0'),
('010105', 'AMAZONAS', 'CHACHAPOYAS', 'CHILIQUIN', '010105', '0'),
('010106', 'AMAZONAS', 'CHACHAPOYAS', 'CHUQUIBAMBA', '010106', '0'),
('010107', 'AMAZONAS', 'CHACHAPOYAS', 'GRANADA', '010107', '0'),
('010108', 'AMAZONAS', 'CHACHAPOYAS', 'HUANCAS', '010108', '0'),
('010109', 'AMAZONAS', 'CHACHAPOYAS', 'LA JALCA', '010109', '0'),
('010110', 'AMAZONAS', 'CHACHAPOYAS', 'LEYMEBAMBA', '010110', '0'),
('010111', 'AMAZONAS', 'CHACHAPOYAS', 'LEVANTO', '010111', '0'),
('010112', 'AMAZONAS', 'CHACHAPOYAS', 'MAGDALENA', '010112', '0'),
('010113', 'AMAZONAS', 'CHACHAPOYAS', 'MARISCAL CASTILLA', '010113', '0'),
('010114', 'AMAZONAS', 'CHACHAPOYAS', 'MOLINOPAMPA', '010114', '0'),
('010115', 'AMAZONAS', 'CHACHAPOYAS', 'MONTEVIDEO', '010115', '0'),
('010116', 'AMAZONAS', 'CHACHAPOYAS', 'OLLEROS', '010116', '0'),
('010117', 'AMAZONAS', 'CHACHAPOYAS', 'QUINJALCA', '010117', '0'),
('010118', 'AMAZONAS', 'CHACHAPOYAS', 'SAN FRANCISCO DE DAGUAS', '010118', '0'),
('010119', 'AMAZONAS', 'CHACHAPOYAS', 'SAN ISIDRO DE MAINO', '010119', '0'),
('010120', 'AMAZONAS', 'CHACHAPOYAS', 'SOLOCO', '010120', '0'),
('010121', 'AMAZONAS', 'CHACHAPOYAS', 'SONCHE', '010121', '0'),
('010201', 'AMAZONAS', 'BAGUA', 'LA PECA', '010201', '0'),
('010202', 'AMAZONAS', 'BAGUA', 'ARAMANGO', '010202', '0'),
('010203', 'AMAZONAS', 'BAGUA', 'COPALLIN', '010203', '0'),
('010204', 'AMAZONAS', 'BAGUA', 'EL PARCO', '010204', '0'),
('010206', 'AMAZONAS', 'BAGUA', 'IMAZA', '010205', '0'),
('010301', 'AMAZONAS', 'BONGARA', 'JUMBILLA', '010301', '0'),
('010302', 'AMAZONAS', 'BONGARA', 'COROSHA', '010304', '0'),
('010303', 'AMAZONAS', 'BONGARA', 'CUISPES', '010305', '0'),
('010304', 'AMAZONAS', 'BONGARA', 'CHISQUILLA', '010302', '0'),
('010305', 'AMAZONAS', 'BONGARA', 'CHURUJA', '010303', '0'),
('010306', 'AMAZONAS', 'BONGARA', 'FLORIDA', '010306', '0'),
('010307', 'AMAZONAS', 'BONGARA', 'RECTA', '010308', '0'),
('010308', 'AMAZONAS', 'BONGARA', 'SAN CARLOS', '010309', '0'),
('010309', 'AMAZONAS', 'BONGARA', 'SHIPASBAMBA', '010310', '0'),
('010310', 'AMAZONAS', 'BONGARA', 'VALERA', '010311', '0'),
('010311', 'AMAZONAS', 'BONGARA', 'YAMBRASBAMBA', '010312', '0'),
('010312', 'AMAZONAS', 'BONGARA', 'JAZAN', '010307', '0'),
('010401', 'AMAZONAS', 'LUYA', 'LAMUD', '010501', '0'),
('010402', 'AMAZONAS', 'LUYA', 'CAMPORREDONDO', '010502', '0'),
('010403', 'AMAZONAS', 'LUYA', 'COCABAMBA', '010503', '0'),
('010404', 'AMAZONAS', 'LUYA', 'COLCAMAR', '010504', '0'),
('010405', 'AMAZONAS', 'LUYA', 'CONILA', '010505', '0'),
('010406', 'AMAZONAS', 'LUYA', 'INGUILPATA', '010506', '0'),
('010407', 'AMAZONAS', 'LUYA', 'LONGUITA', '010507', '0'),
('010408', 'AMAZONAS', 'LUYA', 'LONYA CHICO', '010508', '0'),
('010409', 'AMAZONAS', 'LUYA', 'LUYA', '010509', '0'),
('010410', 'AMAZONAS', 'LUYA', 'LUYA VIEJO', '010510', '0'),
('010411', 'AMAZONAS', 'LUYA', 'MARIA', '010511', '0'),
('010412', 'AMAZONAS', 'LUYA', 'OCALLI', '010512', '0'),
('010413', 'AMAZONAS', 'LUYA', 'OCUMAL', '010513', '0'),
('010414', 'AMAZONAS', 'LUYA', 'PISUQUIA', '010514', '0'),
('010415', 'AMAZONAS', 'LUYA', 'SAN CRISTOBAL', '010516', '0'),
('010416', 'AMAZONAS', 'LUYA', 'SAN FRANCISCO DE YESO', '010517', '0'),
('010417', 'AMAZONAS', 'LUYA', 'SAN JERONIMO', '010518', '0'),
('010418', 'AMAZONAS', 'LUYA', 'SAN JUAN DE LOPECANCHA', '010519', '0'),
('010419', 'AMAZONAS', 'LUYA', 'SANTA CATALINA', '010520', '0'),
('010420', 'AMAZONAS', 'LUYA', 'SANTO TOMAS', '010521', '0'),
('010421', 'AMAZONAS', 'LUYA', 'TINGO', '010522', '0'),
('010422', 'AMAZONAS', 'LUYA', 'TRITA', '010523', '0'),
('010423', 'AMAZONAS', 'LUYA', 'PROVIDENCIA', '010515', '0'),
('010501', 'AMAZONAS', 'RODRIGUEZ DE MENDOZA', 'SAN NICOLAS', '010601', '0'),
('010502', 'AMAZONAS', 'RODRIGUEZ DE MENDOZA', 'COCHAMAL', '010603', '0'),
('010503', 'AMAZONAS', 'RODRIGUEZ DE MENDOZA', 'CHIRIMOTO', '010602', '0'),
('010504', 'AMAZONAS', 'RODRIGUEZ DE MENDOZA', 'HUAMBO', '010604', '0'),
('010505', 'AMAZONAS', 'RODRIGUEZ DE MENDOZA', 'LIMABAMBA', '010605', '0'),
('010506', 'AMAZONAS', 'RODRIGUEZ DE MENDOZA', 'LONGAR', '010606', '0'),
('010507', 'AMAZONAS', 'RODRIGUEZ DE MENDOZA', 'MILPUCC', '010608', '0'),
('010508', 'AMAZONAS', 'RODRIGUEZ DE MENDOZA', 'MARISCAL BENAVIDES', '010607', '0'),
('010509', 'AMAZONAS', 'RODRIGUEZ DE MENDOZA', 'OMIA', '010609', '0'),
('010510', 'AMAZONAS', 'RODRIGUEZ DE MENDOZA', 'SANTA ROSA', '010610', '0'),
('010511', 'AMAZONAS', 'RODRIGUEZ DE MENDOZA', 'TOTORA', '010611', '0'),
('010512', 'AMAZONAS', 'RODRIGUEZ DE MENDOZA', 'VISTA ALEGRE', '010612', '0'),
('010601', 'AMAZONAS', 'CONDORCANQUI', 'NIEVA', '010401', '0'),
('010602', 'AMAZONAS', 'CONDORCANQUI', 'RIO SANTIAGO', '010403', '0'),
('010603', 'AMAZONAS', 'CONDORCANQUI', 'EL CENEPA', '010402', '0'),
('010701', 'AMAZONAS', 'UTCUBAMBA', 'BAGUA GRANDE', '010701', '0'),
('010702', 'AMAZONAS', 'UTCUBAMBA', 'CAJARURO', '010702', '0'),
('010703', 'AMAZONAS', 'UTCUBAMBA', 'CUMBA', '010703', '0'),
('010704', 'AMAZONAS', 'UTCUBAMBA', 'EL MILAGRO', '010704', '0'),
('010705', 'AMAZONAS', 'UTCUBAMBA', 'JAMALCA', '010705', '0'),
('010706', 'AMAZONAS', 'UTCUBAMBA', 'LONYA GRANDE', '010706', '0'),
('010707', 'AMAZONAS', 'UTCUBAMBA', 'YAMON', '010707', '0'),
('020101', 'ANCASH', 'HUARAZ', 'HUARAZ', '020101', '1'),
('020102', 'ANCASH', 'HUARAZ', 'INDEPENDENCIA', '020105', '1'),
('020103', 'ANCASH', 'HUARAZ', 'COCHABAMBA', '020102', '1'),
('020104', 'ANCASH', 'HUARAZ', 'COLCABAMBA', '020103', '1'),
('020105', 'ANCASH', 'HUARAZ', 'HUANCHAY', '020104', '1'),
('020106', 'ANCASH', 'HUARAZ', 'JANGAS', '020106', '1'),
('020107', 'ANCASH', 'HUARAZ', 'LA LIBERTAD', '020107', '1'),
('020108', 'ANCASH', 'HUARAZ', 'OLLEROS', '020108', '1'),
('020109', 'ANCASH', 'HUARAZ', 'PAMPAS', '020109', '1'),
('020110', 'ANCASH', 'HUARAZ', 'PARIACOTO', '020110', '1'),
('020111', 'ANCASH', 'HUARAZ', 'PIRA', '020111', '1'),
('020112', 'ANCASH', 'HUARAZ', 'TARICA', '020112', '1'),
('020201', 'ANCASH', 'AIJA', 'AIJA', '020201', '1'),
('020203', 'ANCASH', 'AIJA', 'CORIS', '020202', '1'),
('020205', 'ANCASH', 'AIJA', 'HUACLLAN', '020203', '1'),
('020206', 'ANCASH', 'AIJA', 'LA MERCED', '020204', '1'),
('020208', 'ANCASH', 'AIJA', 'SUCCHA', '020205', '1'),
('020301', 'ANCASH', 'BOLOGNESI', 'CHIQUIAN', '020501', '1'),
('020302', 'ANCASH', 'BOLOGNESI', 'ABELARDO PARDO LEZAMETA', '020502', '1'),
('020304', 'ANCASH', 'BOLOGNESI', 'AQUIA', '020504', '1'),
('020305', 'ANCASH', 'BOLOGNESI', 'CAJACAY', '020505', '1'),
('020310', 'ANCASH', 'BOLOGNESI', 'HUAYLLACAYAN', '020510', '1'),
('020311', 'ANCASH', 'BOLOGNESI', 'HUASTA', '020509', '1'),
('020313', 'ANCASH', 'BOLOGNESI', 'MANGAS', '020512', '1'),
('020315', 'ANCASH', 'BOLOGNESI', 'PACLLON', '020513', '1'),
('020317', 'ANCASH', 'BOLOGNESI', 'SAN MIGUEL DE CORPANQUI', '020514', '1'),
('020320', 'ANCASH', 'BOLOGNESI', 'TICLLOS', '020515', '1'),
('020321', 'ANCASH', 'BOLOGNESI', 'ANTONIO RAIMONDI', '020503', '1'),
('020322', 'ANCASH', 'BOLOGNESI', 'CANIS', '020506', '1'),
('020323', 'ANCASH', 'BOLOGNESI', 'COLQUIOC', '020507', '1'),
('020324', 'ANCASH', 'BOLOGNESI', 'LA PRIMAVERA', '020511', '1'),
('020325', 'ANCASH', 'BOLOGNESI', 'HUALLANCA', '020508', '1'),
('020401', 'ANCASH', 'CARHUAZ', 'CARHUAZ', '020601', '1'),
('020402', 'ANCASH', 'CARHUAZ', 'ACOPAMPA', '020602', '1'),
('020403', 'ANCASH', 'CARHUAZ', 'AMASHCA', '020603', '1'),
('020404', 'ANCASH', 'CARHUAZ', 'ANTA', '020604', '1'),
('020405', 'ANCASH', 'CARHUAZ', 'ATAQUERO', '020605', '1'),
('020406', 'ANCASH', 'CARHUAZ', 'MARCARA', '020606', '1'),
('020407', 'ANCASH', 'CARHUAZ', 'PARIAHUANCA', '020607', '1'),
('020408', 'ANCASH', 'CARHUAZ', 'SAN MIGUEL DE ACO', '020608', '1'),
('020409', 'ANCASH', 'CARHUAZ', 'SHILLA', '020609', '1'),
('020410', 'ANCASH', 'CARHUAZ', 'TINCO', '020610', '1'),
('020411', 'ANCASH', 'CARHUAZ', 'YUNGAR', '020611', '1'),
('020501', 'ANCASH', 'CASMA', 'CASMA', '020801', '1'),
('020502', 'ANCASH', 'CASMA', 'BUENA VISTA ALTA', '020802', '1'),
('020503', 'ANCASH', 'CASMA', 'COMANDANTE NOEL', '020803', '1'),
('020505', 'ANCASH', 'CASMA', 'YAUTAN', '020804', '1'),
('020601', 'ANCASH', 'CORONGO', 'CORONGO', '020901', '1'),
('020602', 'ANCASH', 'CORONGO', 'ACO', '020902', '1'),
('020603', 'ANCASH', 'CORONGO', 'BAMBAS', '020903', '1'),
('020604', 'ANCASH', 'CORONGO', 'CUSCA', '020904', '1'),
('020605', 'ANCASH', 'CORONGO', 'LA PAMPA', '020905', '1'),
('020606', 'ANCASH', 'CORONGO', 'YANAC', '020906', '1'),
('020607', 'ANCASH', 'CORONGO', 'YUPAN', '020907', '1'),
('020701', 'ANCASH', 'HUAYLAS', 'CARAZ', '021201', '1'),
('020702', 'ANCASH', 'HUAYLAS', 'HUALLANCA', '021202', '1'),
('020703', 'ANCASH', 'HUAYLAS', 'HUATA', '021203', '1'),
('020704', 'ANCASH', 'HUAYLAS', 'HUAYLAS', '021204', '1'),
('020705', 'ANCASH', 'HUAYLAS', 'MATO', '021205', '1'),
('020706', 'ANCASH', 'HUAYLAS', 'PAMPAROMAS', '021206', '1'),
('020707', 'ANCASH', 'HUAYLAS', 'PUEBLO LIBRE', '021207', '1'),
('020708', 'ANCASH', 'HUAYLAS', 'SANTA CRUZ', '021208', '1'),
('020709', 'ANCASH', 'HUAYLAS', 'YURACMARCA', '021210', '1'),
('020710', 'ANCASH', 'HUAYLAS', 'SANTO TORIBIO', '021209', '1'),
('020801', 'ANCASH', 'HUARI', 'HUARI', '021001', '1'),
('020802', 'ANCASH', 'HUARI', 'CAJAY', '021003', '1'),
('020803', 'ANCASH', 'HUARI', 'CHAVIN DE HUANTAR', '021004', '1'),
('020804', 'ANCASH', 'HUARI', 'HUACACHI', '021005', '1'),
('020805', 'ANCASH', 'HUARI', 'HUACHIS', '021007', '1'),
('020806', 'ANCASH', 'HUARI', 'HUACCHIS', '021006', '1'),
('020807', 'ANCASH', 'HUARI', 'HUANTAR', '021008', '1'),
('020808', 'ANCASH', 'HUARI', 'MASIN', '021009', '1'),
('020809', 'ANCASH', 'HUARI', 'PAUCAS', '021010', '1'),
('020810', 'ANCASH', 'HUARI', 'PONTO', '021011', '1'),
('020811', 'ANCASH', 'HUARI', 'RAHUAPAMPA', '021012', '1'),
('020812', 'ANCASH', 'HUARI', 'RAPAYAN', '021013', '1'),
('020813', 'ANCASH', 'HUARI', 'SAN MARCOS', '021014', '1'),
('020814', 'ANCASH', 'HUARI', 'SAN PEDRO DE CHANA', '021015', '1'),
('020815', 'ANCASH', 'HUARI', 'UCO', '021016', '1'),
('020816', 'ANCASH', 'HUARI', 'ANRA', '021002', '1'),
('020901', 'ANCASH', 'MARISCAL LUZURIAGA', 'PISCOBAMBA', '021301', '1'),
('020902', 'ANCASH', 'MARISCAL LUZURIAGA', 'CASCA', '021302', '1'),
('020903', 'ANCASH', 'MARISCAL LUZURIAGA', 'LUCMA', '021307', '1'),
('020904', 'ANCASH', 'MARISCAL LUZURIAGA', 'FIDEL OLIVAS ESCUDERO', '021304', '1'),
('020905', 'ANCASH', 'MARISCAL LUZURIAGA', 'LLAMA', '021305', '1'),
('020906', 'ANCASH', 'MARISCAL LUZURIAGA', 'LLUMPA', '021306', '1'),
('020907', 'ANCASH', 'MARISCAL LUZURIAGA', 'MUSGA', '021308', '1'),
('020908', 'ANCASH', 'MARISCAL LUZURIAGA', 'ELEAZAR GUZMAN BARRON', '021303', '1'),
('021001', 'ANCASH', 'PALLASCA', 'CABANA', '021501', '1'),
('021002', 'ANCASH', 'PALLASCA', 'BOLOGNESI', '021502', '1'),
('021003', 'ANCASH', 'PALLASCA', 'CONCHUCOS', '021503', '1'),
('021004', 'ANCASH', 'PALLASCA', 'HUACASCHUQUE', '021504', '1'),
('021005', 'ANCASH', 'PALLASCA', 'HUANDOVAL', '021505', '1'),
('021006', 'ANCASH', 'PALLASCA', 'LACABAMBA', '021506', '1'),
('021007', 'ANCASH', 'PALLASCA', 'LLAPO', '021507', '1'),
('021008', 'ANCASH', 'PALLASCA', 'PALLASCA', '021508', '1'),
('021009', 'ANCASH', 'PALLASCA', 'PAMPAS', '021509', '1'),
('021010', 'ANCASH', 'PALLASCA', 'SANTA ROSA', '021510', '1'),
('021011', 'ANCASH', 'PALLASCA', 'TAUCA', '021511', '1'),
('021101', 'ANCASH', 'POMABAMBA', 'POMABAMBA', '021601', '1'),
('021102', 'ANCASH', 'POMABAMBA', 'HUAYLLAN', '021602', '1'),
('021103', 'ANCASH', 'POMABAMBA', 'PAROBAMBA', '021603', '1'),
('021104', 'ANCASH', 'POMABAMBA', 'QUINUABAMBA', '021604', '1'),
('021201', 'ANCASH', 'RECUAY', 'RECUAY', '021701', '1'),
('021202', 'ANCASH', 'RECUAY', 'COTAPARACO', '021703', '1'),
('021203', 'ANCASH', 'RECUAY', 'HUAYLLAPAMPA', '021704', '1'),
('021204', 'ANCASH', 'RECUAY', 'MARCA', '021706', '1'),
('021205', 'ANCASH', 'RECUAY', 'PAMPAS CHICO', '021707', '1'),
('021206', 'ANCASH', 'RECUAY', 'PARARIN', '021708', '1'),
('021207', 'ANCASH', 'RECUAY', 'TAPACOCHA', '021709', '1'),
('021208', 'ANCASH', 'RECUAY', 'TICAPAMPA', '021710', '1'),
('021209', 'ANCASH', 'RECUAY', 'LLACLLIN', '021705', '1'),
('021210', 'ANCASH', 'RECUAY', 'CATAC', '021702', '1'),
('021301', 'ANCASH', 'SANTA', 'CHIMBOTE', '021801', '0'),
('021302', 'ANCASH', 'SANTA', 'CACERES DEL PERU', '021802', '0'),
('021303', 'ANCASH', 'SANTA', 'MACATE', '021804', '0'),
('021304', 'ANCASH', 'SANTA', 'MORO', '021805', '0'),
('021305', 'ANCASH', 'SANTA', 'NEPEÑA', '021806', '0'),
('021306', 'ANCASH', 'SANTA', 'SAMANCO', '021807', '0'),
('021307', 'ANCASH', 'SANTA', 'SANTA', '021808', '0'),
('021308', 'ANCASH', 'SANTA', 'COISHCO', '021803', '0'),
('021309', 'ANCASH', 'SANTA', 'NUEVO CHIMBOTE', '021809', '0'),
('021401', 'ANCASH', 'SIHUAS', 'SIHUAS', '021901', '1'),
('021402', 'ANCASH', 'SIHUAS', 'ALFONSO UGARTE', '021903', '1'),
('021403', 'ANCASH', 'SIHUAS', 'CHINGALPO', '021905', '1'),
('021404', 'ANCASH', 'SIHUAS', 'HUAYLLABAMBA', '021906', '1'),
('021405', 'ANCASH', 'SIHUAS', 'QUICHES', '021907', '1'),
('021406', 'ANCASH', 'SIHUAS', 'SICSIBAMBA', '021910', '1'),
('021407', 'ANCASH', 'SIHUAS', 'ACOBAMBA', '021902', '1'),
('021408', 'ANCASH', 'SIHUAS', 'CASHAPAMPA', '021904', '1'),
('021409', 'ANCASH', 'SIHUAS', 'RAGASH', '021908', '1'),
('021410', 'ANCASH', 'SIHUAS', 'SAN JUAN', '021909', '1'),
('021501', 'ANCASH', 'YUNGAY', 'YUNGAY', '022001', '1'),
('021502', 'ANCASH', 'YUNGAY', 'CASCAPARA', '022002', '1'),
('021503', 'ANCASH', 'YUNGAY', 'MANCOS', '022003', '1'),
('021504', 'ANCASH', 'YUNGAY', 'MATACOTO', '022004', '1'),
('021505', 'ANCASH', 'YUNGAY', 'QUILLO', '022005', '1'),
('021506', 'ANCASH', 'YUNGAY', 'RANRAHIRCA', '022006', '1'),
('021507', 'ANCASH', 'YUNGAY', 'SHUPLUY', '022007', '1'),
('021508', 'ANCASH', 'YUNGAY', 'YANAMA', '022008', '1'),
('021601', 'ANCASH', 'ANTONIO RAIMONDI', 'LLAMELLIN', '020301', '1'),
('021602', 'ANCASH', 'ANTONIO RAIMONDI', 'ACZO', '020302', '1'),
('021603', 'ANCASH', 'ANTONIO RAIMONDI', 'CHACCHO', '020303', '1'),
('021604', 'ANCASH', 'ANTONIO RAIMONDI', 'CHINGAS', '020304', '1'),
('021605', 'ANCASH', 'ANTONIO RAIMONDI', 'MIRGAS', '020305', '1'),
('021606', 'ANCASH', 'ANTONIO RAIMONDI', 'SAN JUAN DE RONTOY', '020306', '1'),
('021701', 'ANCASH', 'CARLOS FERMIN FITZCARRALD', 'SAN LUIS', '020701', '1'),
('021702', 'ANCASH', 'CARLOS FERMIN FITZCARRALD', 'YAUYA', '020703', '1'),
('021703', 'ANCASH', 'CARLOS FERMIN FITZCARRALD', 'SAN NICOLAS', '020702', '1'),
('021801', 'ANCASH', 'ASUNCION', 'CHACAS', '020401', '1'),
('021802', 'ANCASH', 'ASUNCION', 'ACOCHACA', '020402', '1'),
('021901', 'ANCASH', 'HUARMEY', 'HUARMEY', '021101', '1'),
('021902', 'ANCASH', 'HUARMEY', 'COCHAPETI', '021102', '1'),
('021903', 'ANCASH', 'HUARMEY', 'HUAYAN', '021104', '1'),
('021904', 'ANCASH', 'HUARMEY', 'MALVAS', '021105', '1'),
('021905', 'ANCASH', 'HUARMEY', 'CULEBRAS', '021103', '1'),
('022001', 'ANCASH', 'OCROS', 'ACAS', '021402', '1'),
('022002', 'ANCASH', 'OCROS', 'CAJAMARQUILLA', '021403', '1'),
('022003', 'ANCASH', 'OCROS', 'CARHUAPAMPA', '021404', '1'),
('022004', 'ANCASH', 'OCROS', 'COCHAS', '021405', '1'),
('022005', 'ANCASH', 'OCROS', 'CONGAS', '021406', '1'),
('022006', 'ANCASH', 'OCROS', 'LLIPA', '021407', '1'),
('022007', 'ANCASH', 'OCROS', 'OCROS', '021401', '1'),
('022008', 'ANCASH', 'OCROS', 'SAN CRISTOBAL DE RAJAN', '021408', '1'),
('022009', 'ANCASH', 'OCROS', 'SAN PEDRO', '021409', '1'),
('022010', 'ANCASH', 'OCROS', 'SANTIAGO DE CHILCAS', '021410', '1'),
('030101', 'APURIMAC', 'ABANCAY', 'ABANCAY', '030101', '0'),
('030102', 'APURIMAC', 'ABANCAY', 'CIRCA', '030103', '0'),
('030103', 'APURIMAC', 'ABANCAY', 'CURAHUASI', '030104', '0'),
('030104', 'APURIMAC', 'ABANCAY', 'CHACOCHE', '030102', '0'),
('030105', 'APURIMAC', 'ABANCAY', 'HUANIPACA', '030105', '0'),
('030106', 'APURIMAC', 'ABANCAY', 'LAMBRAMA', '030106', '0'),
('030107', 'APURIMAC', 'ABANCAY', 'PICHIRHUA', '030107', '0'),
('030108', 'APURIMAC', 'ABANCAY', 'SAN PEDRO DE CACHORA', '030108', '0'),
('030109', 'APURIMAC', 'ABANCAY', 'TAMBURCO', '030109', '0'),
('030201', 'APURIMAC', 'AYMARAES', 'CHALHUANCA', '030401', '0'),
('030202', 'APURIMAC', 'AYMARAES', 'CAPAYA', '030402', '0'),
('030203', 'APURIMAC', 'AYMARAES', 'CARAYBAMBA', '030403', '0'),
('030204', 'APURIMAC', 'AYMARAES', 'COLCABAMBA', '030405', '0'),
('030205', 'APURIMAC', 'AYMARAES', 'COTARUSE', '030406', '0'),
('030206', 'APURIMAC', 'AYMARAES', 'CHAPIMARCA', '030404', '0'),
('030207', 'APURIMAC', 'AYMARAES', 'IHUAYLLO', '030407', '0'),
('030208', 'APURIMAC', 'AYMARAES', 'LUCRE', '030409', '0'),
('030209', 'APURIMAC', 'AYMARAES', 'POCOHUANCA', '030410', '0'),
('030210', 'APURIMAC', 'AYMARAES', 'SAÑAYCA', '030412', '0'),
('030211', 'APURIMAC', 'AYMARAES', 'SORAYA', '030413', '0'),
('030212', 'APURIMAC', 'AYMARAES', 'TAPAIRIHUA', '030414', '0'),
('030213', 'APURIMAC', 'AYMARAES', 'TINTAY', '030415', '0'),
('030214', 'APURIMAC', 'AYMARAES', 'TORAYA', '030416', '0'),
('030215', 'APURIMAC', 'AYMARAES', 'YANACA', '030417', '0'),
('030216', 'APURIMAC', 'AYMARAES', 'SAN JUAN DE CHACÑA', '030411', '0'),
('030217', 'APURIMAC', 'AYMARAES', 'JUSTO APU SAHUARAURA', '030408', '0'),
('030301', 'APURIMAC', 'ANDAHUAYLAS', 'ANDAHUAYLAS', '030201', '0'),
('030302', 'APURIMAC', 'ANDAHUAYLAS', 'ANDARAPA', '030202', '0'),
('030303', 'APURIMAC', 'ANDAHUAYLAS', 'CHIARA', '030203', '0'),
('030304', 'APURIMAC', 'ANDAHUAYLAS', 'HUANCARAMA', '030204', '0'),
('030305', 'APURIMAC', 'ANDAHUAYLAS', 'HUANCARAY', '030205', '0'),
('030306', 'APURIMAC', 'ANDAHUAYLAS', 'KISHUARA', '030207', '0'),
('030307', 'APURIMAC', 'ANDAHUAYLAS', 'PACOBAMBA', '030208', '0'),
('030308', 'APURIMAC', 'ANDAHUAYLAS', 'PAMPACHIRI', '030210', '0'),
('030309', 'APURIMAC', 'ANDAHUAYLAS', 'SAN ANTONIO DE CACHI', '030212', '0'),
('030310', 'APURIMAC', 'ANDAHUAYLAS', 'SAN JERONIMO', '030213', '0'),
('030311', 'APURIMAC', 'ANDAHUAYLAS', 'TALAVERA', '030216', '0'),
('030312', 'APURIMAC', 'ANDAHUAYLAS', 'TURPO', '030218', '0'),
('030313', 'APURIMAC', 'ANDAHUAYLAS', 'PACUCHA', '030209', '0'),
('030314', 'APURIMAC', 'ANDAHUAYLAS', 'POMACOCHA', '030211', '0'),
('030315', 'APURIMAC', 'ANDAHUAYLAS', 'SANTA MARIA DE CHICMO', '030215', '0'),
('030316', 'APURIMAC', 'ANDAHUAYLAS', 'TUMAY HUARACA', '030217', '0'),
('030317', 'APURIMAC', 'ANDAHUAYLAS', 'HUAYANA', '030206', '0'),
('030318', 'APURIMAC', 'ANDAHUAYLAS', 'SAN MIGUEL DE CHACCRAMPA', '030214', '0'),
('030319', 'APURIMAC', 'ANDAHUAYLAS', 'KAQUIABAMBA', '030219', '0'),
('030401', 'APURIMAC', 'ANTABAMBA', 'ANTABAMBA', '030301', '0'),
('030402', 'APURIMAC', 'ANTABAMBA', 'EL ORO', '030302', '0'),
('030403', 'APURIMAC', 'ANTABAMBA', 'HUAQUIRCA', '030303', '0'),
('030404', 'APURIMAC', 'ANTABAMBA', 'JUAN ESPINOZA MEDRANO', '030304', '0'),
('030405', 'APURIMAC', 'ANTABAMBA', 'OROPESA', '030305', '0'),
('030406', 'APURIMAC', 'ANTABAMBA', 'PACHACONAS', '030306', '0'),
('030407', 'APURIMAC', 'ANTABAMBA', 'SABAINO', '030307', '0'),
('030501', 'APURIMAC', 'COTABAMBAS', 'TAMBOBAMBA', '030501', '0'),
('030502', 'APURIMAC', 'COTABAMBAS', 'COYLLURQUI', '030503', '0'),
('030503', 'APURIMAC', 'COTABAMBAS', 'COTABAMBAS', '030502', '0'),
('030504', 'APURIMAC', 'COTABAMBAS', 'HAQUIRA', '030504', '0'),
('030505', 'APURIMAC', 'COTABAMBAS', 'MARA', '030505', '0'),
('030506', 'APURIMAC', 'COTABAMBAS', 'CHALLHUAHUACHO', '030506', '0'),
('030601', 'APURIMAC', 'GRAU', 'CHUQUIBAMBILLA', '030701', '0'),
('030602', 'APURIMAC', 'GRAU', 'CURPAHUASI', '030702', '0'),
('030603', 'APURIMAC', 'GRAU', 'HUAYLLATI', '030704', '0'),
('030604', 'APURIMAC', 'GRAU', 'MAMARA', '030705', '0'),
('030605', 'APURIMAC', 'GRAU', 'MARISCAL GAMARRA', '030703', '0'),
('030606', 'APURIMAC', 'GRAU', 'MICAELA BASTIDAS', '030706', '0'),
('030607', 'APURIMAC', 'GRAU', 'PROGRESO', '030708', '0'),
('030608', 'APURIMAC', 'GRAU', 'PATAYPAMPA', '030707', '0'),
('030609', 'APURIMAC', 'GRAU', 'SAN ANTONIO', '030709', '0'),
('030610', 'APURIMAC', 'GRAU', 'TURPAY', '030711', '0'),
('030611', 'APURIMAC', 'GRAU', 'VILCABAMBA', '030712', '0'),
('030612', 'APURIMAC', 'GRAU', 'VIRUNDO', '030713', '0'),
('030613', 'APURIMAC', 'GRAU', 'SANTA ROSA', '030710', '0'),
('030614', 'APURIMAC', 'GRAU', 'CURASCO', '030714', '0'),
('030701', 'APURIMAC', 'CHINCHEROS', 'CHINCHEROS', '030601', '0'),
('030702', 'APURIMAC', 'CHINCHEROS', 'ONGOY', '030606', '0'),
('030703', 'APURIMAC', 'CHINCHEROS', 'OCOBAMBA', '030605', '0'),
('030704', 'APURIMAC', 'CHINCHEROS', 'COCHARCAS', '030603', '0'),
('030705', 'APURIMAC', 'CHINCHEROS', 'ANCO HUALLO', '030602', '0'),
('030706', 'APURIMAC', 'CHINCHEROS', 'HUACCANA', '030604', '0'),
('030707', 'APURIMAC', 'CHINCHEROS', 'URANMARCA', '030607', '0'),
('030708', 'APURIMAC', 'CHINCHEROS', 'RANRACANCHA', '030608', '0'),
('040101', 'AREQUIPA', 'AREQUIPA', 'AREQUIPA', '040101', '0'),
('040102', 'AREQUIPA', 'AREQUIPA', 'CAYMA', '040103', '0'),
('040103', 'AREQUIPA', 'AREQUIPA', 'CERRO COLORADO', '040104', '0'),
('040104', 'AREQUIPA', 'AREQUIPA', 'CHARACATO', '040105', '0'),
('040105', 'AREQUIPA', 'AREQUIPA', 'CHIGUATA', '040106', '0'),
('040106', 'AREQUIPA', 'AREQUIPA', 'LA JOYA', '040108', '0'),
('040107', 'AREQUIPA', 'AREQUIPA', 'MIRAFLORES', '040110', '0'),
('040108', 'AREQUIPA', 'AREQUIPA', 'MOLLEBAYA', '040111', '0'),
('040109', 'AREQUIPA', 'AREQUIPA', 'PAUCARPATA', '040112', '0'),
('040110', 'AREQUIPA', 'AREQUIPA', 'POCSI', '040113', '0'),
('040111', 'AREQUIPA', 'AREQUIPA', 'POLOBAYA', '040114', '0'),
('040112', 'AREQUIPA', 'AREQUIPA', 'QUEQUEÑA', '040115', '0'),
('040113', 'AREQUIPA', 'AREQUIPA', 'SABANDIA', '040116', '0'),
('040114', 'AREQUIPA', 'AREQUIPA', 'SACHACA', '040117', '0'),
('040115', 'AREQUIPA', 'AREQUIPA', 'SAN JUAN DE SIGUAS', '040118', '0'),
('040116', 'AREQUIPA', 'AREQUIPA', 'SAN JUAN DE TARUCANI', '040119', '0'),
('040117', 'AREQUIPA', 'AREQUIPA', 'SANTA ISABEL DE SIGUAS', '040120', '0'),
('040118', 'AREQUIPA', 'AREQUIPA', 'SANTA RITA DE SIHUAS', '040121', '0'),
('040119', 'AREQUIPA', 'AREQUIPA', 'SOCABAYA', '040122', '0'),
('040120', 'AREQUIPA', 'AREQUIPA', 'TIABAYA', '040123', '0'),
('040121', 'AREQUIPA', 'AREQUIPA', 'UCHUMAYO', '040124', '0'),
('040122', 'AREQUIPA', 'AREQUIPA', 'VITOR', '040125', '0'),
('040123', 'AREQUIPA', 'AREQUIPA', 'YANAHUARA', '040126', '0'),
('040124', 'AREQUIPA', 'AREQUIPA', 'YARABAMBA', '040127', '0'),
('040125', 'AREQUIPA', 'AREQUIPA', 'YURA', '040128', '0'),
('040126', 'AREQUIPA', 'AREQUIPA', 'MARIANO MELGAR', '040109', '0'),
('040127', 'AREQUIPA', 'AREQUIPA', 'JACOBO HUNTER', '040107', '0'),
('040128', 'AREQUIPA', 'AREQUIPA', 'ALTO SELVA ALEGRE', '040102', '0'),
('040129', 'AREQUIPA', 'AREQUIPA', 'JOSE LUIS BUSTAMANTE Y RIVERO', '040129', '0'),
('040201', 'AREQUIPA', 'CAYLLOMA', 'CHIVAY', '040501', '0'),
('040202', 'AREQUIPA', 'CAYLLOMA', 'ACHOMA', '040502', '0'),
('040203', 'AREQUIPA', 'CAYLLOMA', 'CABANACONDE', '040503', '0'),
('040204', 'AREQUIPA', 'CAYLLOMA', 'CAYLLOMA', '040505', '0'),
('040205', 'AREQUIPA', 'CAYLLOMA', 'CALLALLI', '040504', '0'),
('040206', 'AREQUIPA', 'CAYLLOMA', 'COPORAQUE', '040506', '0'),
('040207', 'AREQUIPA', 'CAYLLOMA', 'HUAMBO', '040507', '0'),
('040208', 'AREQUIPA', 'CAYLLOMA', 'HUANCA', '040508', '0'),
('040209', 'AREQUIPA', 'CAYLLOMA', 'ICHUPAMPA', '040509', '0'),
('040210', 'AREQUIPA', 'CAYLLOMA', 'LARI', '040510', '0'),
('040211', 'AREQUIPA', 'CAYLLOMA', 'LLUTA', '040511', '0'),
('040212', 'AREQUIPA', 'CAYLLOMA', 'MACA', '040512', '0'),
('040213', 'AREQUIPA', 'CAYLLOMA', 'MADRIGAL', '040513', '0'),
('040214', 'AREQUIPA', 'CAYLLOMA', 'SAN ANTONIO DE CHUCA', '040514', '0'),
('040215', 'AREQUIPA', 'CAYLLOMA', 'SIBAYO', '040515', '0'),
('040216', 'AREQUIPA', 'CAYLLOMA', 'TAPAY', '040516', '0'),
('040217', 'AREQUIPA', 'CAYLLOMA', 'TISCO', '040517', '0'),
('040218', 'AREQUIPA', 'CAYLLOMA', 'TUTI', '040518', '0'),
('040219', 'AREQUIPA', 'CAYLLOMA', 'YANQUE', '040519', '0'),
('040220', 'AREQUIPA', 'CAYLLOMA', 'MAJES', '040520', '0'),
('040301', 'AREQUIPA', 'CAMANA', 'CAMANA', '040201', '0'),
('040302', 'AREQUIPA', 'CAMANA', 'JOSE MARIA QUIMPER', '040202', '0'),
('040303', 'AREQUIPA', 'CAMANA', 'MARIANO NICOLAS VALCARCEL', '040203', '0'),
('040304', 'AREQUIPA', 'CAMANA', 'MARISCAL CACERES', '040204', '0'),
('040305', 'AREQUIPA', 'CAMANA', 'NICOLAS DE PIEROLA', '040205', '0'),
('040306', 'AREQUIPA', 'CAMANA', 'OCOÑA', '040206', '0'),
('040307', 'AREQUIPA', 'CAMANA', 'QUILCA', '040207', '0'),
('040308', 'AREQUIPA', 'CAMANA', 'SAMUEL PASTOR', '040208', '0'),
('040401', 'AREQUIPA', 'CARAVELI', 'CARAVELI', '040301', '0'),
('040402', 'AREQUIPA', 'CARAVELI', 'ACARI', '040302', '0'),
('040403', 'AREQUIPA', 'CARAVELI', 'ATICO', '040303', '0'),
('040404', 'AREQUIPA', 'CARAVELI', 'ATIQUIPA', '040304', '0'),
('040405', 'AREQUIPA', 'CARAVELI', 'BELLA UNION', '040305', '0'),
('040406', 'AREQUIPA', 'CARAVELI', 'CAHUACHO', '040306', '0'),
('040407', 'AREQUIPA', 'CARAVELI', 'CHALA', '040307', '0'),
('040408', 'AREQUIPA', 'CARAVELI', 'CHAPARRA', '040308', '0'),
('040409', 'AREQUIPA', 'CARAVELI', 'HUANUHUANU', '040309', '0'),
('040410', 'AREQUIPA', 'CARAVELI', 'JAQUI', '040310', '0'),
('040411', 'AREQUIPA', 'CARAVELI', 'LOMAS', '040311', '0'),
('040412', 'AREQUIPA', 'CARAVELI', 'QUICACHA', '040312', '0'),
('040413', 'AREQUIPA', 'CARAVELI', 'YAUCA', '040313', '0'),
('040501', 'AREQUIPA', 'CASTILLA', 'APLAO', '040401', '0'),
('040502', 'AREQUIPA', 'CASTILLA', 'ANDAGUA', '040402', '0'),
('040503', 'AREQUIPA', 'CASTILLA', 'AYO', '040403', '0'),
('040504', 'AREQUIPA', 'CASTILLA', 'CHACHAS', '040404', '0'),
('040505', 'AREQUIPA', 'CASTILLA', 'CHILCAYMARCA', '040405', '0'),
('040506', 'AREQUIPA', 'CASTILLA', 'CHOCO', '040406', '0'),
('040507', 'AREQUIPA', 'CASTILLA', 'HUANCARQUI', '040407', '0'),
('040508', 'AREQUIPA', 'CASTILLA', 'MACHAGUAY', '040408', '0'),
('040509', 'AREQUIPA', 'CASTILLA', 'ORCOPAMPA', '040409', '0'),
('040510', 'AREQUIPA', 'CASTILLA', 'PAMPACOLCA', '040410', '0'),
('040511', 'AREQUIPA', 'CASTILLA', 'TIPAN', '040411', '0'),
('040512', 'AREQUIPA', 'CASTILLA', 'URACA', '040413', '0'),
('040513', 'AREQUIPA', 'CASTILLA', 'UÑON', '040412', '0'),
('040514', 'AREQUIPA', 'CASTILLA', 'VIRACO', '040414', '0'),
('040601', 'AREQUIPA', 'CONDESUYOS', 'CHUQUIBAMBA', '040601', '0'),
('040602', 'AREQUIPA', 'CONDESUYOS', 'ANDARAY', '040602', '0'),
('040603', 'AREQUIPA', 'CONDESUYOS', 'CAYARANI', '040603', '0'),
('040604', 'AREQUIPA', 'CONDESUYOS', 'CHICHAS', '040604', '0'),
('040605', 'AREQUIPA', 'CONDESUYOS', 'IRAY', '040605', '0'),
('040606', 'AREQUIPA', 'CONDESUYOS', 'SALAMANCA', '040607', '0'),
('040607', 'AREQUIPA', 'CONDESUYOS', 'YANAQUIHUA', '040608', '0'),
('040608', 'AREQUIPA', 'CONDESUYOS', 'RIO GRANDE', '040606', '0'),
('040701', 'AREQUIPA', 'ISLAY', 'MOLLENDO', '040701', '0'),
('040702', 'AREQUIPA', 'ISLAY', 'COCACHACRA', '040702', '0'),
('040703', 'AREQUIPA', 'ISLAY', 'DEAN VALDIVIA', '040703', '0'),
('040704', 'AREQUIPA', 'ISLAY', 'ISLAY', '040704', '0'),
('040705', 'AREQUIPA', 'ISLAY', 'MEJIA', '040705', '0'),
('040706', 'AREQUIPA', 'ISLAY', 'PUNTA DE BOMBON', '040706', '0'),
('040801', 'AREQUIPA', 'LA UNION', 'COTAHUASI', '040801', '0'),
('040802', 'AREQUIPA', 'LA UNION', 'ALCA', '040802', '0'),
('040803', 'AREQUIPA', 'LA UNION', 'CHARCANA', '040803', '0'),
('040804', 'AREQUIPA', 'LA UNION', 'HUAYNACOTAS', '040804', '0'),
('040805', 'AREQUIPA', 'LA UNION', 'PAMPAMARCA', '040805', '0'),
('040806', 'AREQUIPA', 'LA UNION', 'PUYCA', '040806', '0'),
('040807', 'AREQUIPA', 'LA UNION', 'QUECHUALLA', '040807', '0'),
('040808', 'AREQUIPA', 'LA UNION', 'SAYLA', '040808', '0'),
('040809', 'AREQUIPA', 'LA UNION', 'TAURIA', '040809', '0'),
('040810', 'AREQUIPA', 'LA UNION', 'TOMEPAMPA', '040810', '0'),
('040811', 'AREQUIPA', 'LA UNION', 'TORO', '040811', '0'),
('050101', 'AYACUCHO', 'HUAMANGA', 'AYACUCHO', '050101', '0'),
('050102', 'AYACUCHO', 'HUAMANGA', 'ACOS VINCHOS', '050103', '0'),
('050103', 'AYACUCHO', 'HUAMANGA', 'CARMEN ALTO', '050104', '0'),
('050104', 'AYACUCHO', 'HUAMANGA', 'CHIARA', '050105', '0'),
('050105', 'AYACUCHO', 'HUAMANGA', 'QUINUA', '050108', '0'),
('050106', 'AYACUCHO', 'HUAMANGA', 'SAN JOSE DE TICLLAS', '050109', '0'),
('050107', 'AYACUCHO', 'HUAMANGA', 'SAN JUAN BAUTISTA', '050110', '0'),
('050108', 'AYACUCHO', 'HUAMANGA', 'SANTIAGO DE PISCHA', '050111', '0'),
('050109', 'AYACUCHO', 'HUAMANGA', 'VINCHOS', '050114', '0'),
('050110', 'AYACUCHO', 'HUAMANGA', 'TAMBILLO', '050113', '0'),
('050111', 'AYACUCHO', 'HUAMANGA', 'ACOCRO', '050102', '0'),
('050112', 'AYACUCHO', 'HUAMANGA', 'SOCOS', '050112', '0'),
('050113', 'AYACUCHO', 'HUAMANGA', 'OCROS', '050106', '0'),
('050114', 'AYACUCHO', 'HUAMANGA', 'PACAYCASA', '050107', '0'),
('050115', 'AYACUCHO', 'HUAMANGA', 'JESUS NAZARENO', '050115', '0'),
('050201', 'AYACUCHO', 'CANGALLO', 'CANGALLO', '050201', '0'),
('050204', 'AYACUCHO', 'CANGALLO', 'CHUSCHI', '050202', '0'),
('050206', 'AYACUCHO', 'CANGALLO', 'LOS MOROCHUCOS', '050203', '0'),
('050207', 'AYACUCHO', 'CANGALLO', 'PARAS', '050205', '0'),
('050208', 'AYACUCHO', 'CANGALLO', 'TOTOS', '050206', '0'),
('050211', 'AYACUCHO', 'CANGALLO', 'MARIA PARADO DE BELLIDO', '050204', '0'),
('050301', 'AYACUCHO', 'HUANTA', 'HUANTA', '050401', '0'),
('050302', 'AYACUCHO', 'HUANTA', 'AYAHUANCO', '050402', '0'),
('050303', 'AYACUCHO', 'HUANTA', 'HUAMANGUILLA', '050403', '0'),
('050304', 'AYACUCHO', 'HUANTA', 'IGUAIN', '050404', '0'),
('050305', 'AYACUCHO', 'HUANTA', 'LURICOCHA', '050405', '0'),
('050307', 'AYACUCHO', 'HUANTA', 'SANTILLANA', '050406', '0'),
('050308', 'AYACUCHO', 'HUANTA', 'SIVIA', '050407', '0'),
('050309', 'AYACUCHO', 'HUANTA', 'LLOCHEGUA', '050408', '0'),
('050401', 'AYACUCHO', 'LA MAR', 'SAN MIGUEL', '050501', '0'),
('050402', 'AYACUCHO', 'LA MAR', 'ANCO', '050502', '0'),
('050403', 'AYACUCHO', 'LA MAR', 'AYNA', '050503', '0'),
('050404', 'AYACUCHO', 'LA MAR', 'CHILCAS', '050504', '0'),
('050405', 'AYACUCHO', 'LA MAR', 'CHUNGUI', '050505', '0'),
('050406', 'AYACUCHO', 'LA MAR', 'TAMBO', '050508', '0'),
('050407', 'AYACUCHO', 'LA MAR', 'LUIS CARRANZA', '050506', '0'),
('050408', 'AYACUCHO', 'LA MAR', 'SANTA ROSA', '050507', '0'),
('050501', 'AYACUCHO', 'LUCANAS', 'PUQUIO', '050601', '0'),
('050502', 'AYACUCHO', 'LUCANAS', 'AUCARA', '050602', '0'),
('050503', 'AYACUCHO', 'LUCANAS', 'CABANA', '050603', '0'),
('050504', 'AYACUCHO', 'LUCANAS', 'CARMEN SALCEDO', '050604', '0'),
('050506', 'AYACUCHO', 'LUCANAS', 'CHAVIÑA', '050605', '0'),
('050508', 'AYACUCHO', 'LUCANAS', 'CHIPAO', '050606', '0'),
('050510', 'AYACUCHO', 'LUCANAS', 'HUAC-HUAS', '050607', '0'),
('050511', 'AYACUCHO', 'LUCANAS', 'LARAMATE', '050608', '0'),
('050512', 'AYACUCHO', 'LUCANAS', 'LEONCIO PRADO', '050609', '0'),
('050513', 'AYACUCHO', 'LUCANAS', 'LUCANAS', '050611', '0'),
('050514', 'AYACUCHO', 'LUCANAS', 'LLAUTA', '050610', '0'),
('050516', 'AYACUCHO', 'LUCANAS', 'OCAÑA', '050612', '0'),
('050517', 'AYACUCHO', 'LUCANAS', 'OTOCA', '050613', '0'),
('050520', 'AYACUCHO', 'LUCANAS', 'SANCOS', '050619', '0'),
('050521', 'AYACUCHO', 'LUCANAS', 'SAN JUAN', '050616', '0'),
('050522', 'AYACUCHO', 'LUCANAS', 'SAN PEDRO', '050617', '0'),
('050524', 'AYACUCHO', 'LUCANAS', 'SANTA ANA DE HUAYCAHUACHO', '050620', '0'),
('050525', 'AYACUCHO', 'LUCANAS', 'SANTA LUCIA', '050621', '0'),
('050529', 'AYACUCHO', 'LUCANAS', 'SAISA', '050614', '0'),
('050531', 'AYACUCHO', 'LUCANAS', 'SAN PEDRO DE PALCO', '050618', '0'),
('050532', 'AYACUCHO', 'LUCANAS', 'SAN CRISTOBAL', '050615', '0'),
('050601', 'AYACUCHO', 'PARINACOCHAS', 'CORACORA', '050701', '0'),
('050604', 'AYACUCHO', 'PARINACOCHAS', 'CORONEL CASTAÑEDA', '050703', '0'),
('050605', 'AYACUCHO', 'PARINACOCHAS', 'CHUMPI', '050702', '0'),
('050608', 'AYACUCHO', 'PARINACOCHAS', 'PACAPAUSA', '050704', '0'),
('050611', 'AYACUCHO', 'PARINACOCHAS', 'PULLO', '050705', '0'),
('050612', 'AYACUCHO', 'PARINACOCHAS', 'PUYUSCA', '050706', '0'),
('050615', 'AYACUCHO', 'PARINACOCHAS', 'SAN FRANCISCO DE RAVACAYCO', '050707', '0'),
('050616', 'AYACUCHO', 'PARINACOCHAS', 'UPAHUACHO', '050708', '0'),
('050701', 'AYACUCHO', 'VICTOR FAJARDO', 'HUANCAPI', '051001', '0'),
('050702', 'AYACUCHO', 'VICTOR FAJARDO', 'ALCAMENCA', '051002', '0'),
('050703', 'AYACUCHO', 'VICTOR FAJARDO', 'APONGO', '051003', '0'),
('050704', 'AYACUCHO', 'VICTOR FAJARDO', 'CANARIA', '051005', '0'),
('050706', 'AYACUCHO', 'VICTOR FAJARDO', 'CAYARA', '051006', '0'),
('050707', 'AYACUCHO', 'VICTOR FAJARDO', 'COLCA', '051007', '0'),
('050708', 'AYACUCHO', 'VICTOR FAJARDO', 'HUAYA', '051010', '0'),
('050709', 'AYACUCHO', 'VICTOR FAJARDO', 'HUAMANQUIQUIA', '051008', '0'),
('050710', 'AYACUCHO', 'VICTOR FAJARDO', 'HUANCARAYLLA', '051009', '0'),
('050713', 'AYACUCHO', 'VICTOR FAJARDO', 'SARHUA', '051011', '0'),
('050714', 'AYACUCHO', 'VICTOR FAJARDO', 'VILCANCHOS', '051012', '0'),
('050715', 'AYACUCHO', 'VICTOR FAJARDO', 'ASQUIPATA', '051004', '0'),
('050801', 'AYACUCHO', 'HUANCA SANCOS', 'SANCOS', '050301', '0'),
('050802', 'AYACUCHO', 'HUANCA SANCOS', 'SACSAMARCA', '050303', '0'),
('050803', 'AYACUCHO', 'HUANCA SANCOS', 'SANTIAGO DE LUCANAMARCA', '050304', '0'),
('050804', 'AYACUCHO', 'HUANCA SANCOS', 'CARAPO', '050302', '0'),
('050901', 'AYACUCHO', 'VILCAS HUAMAN', 'VILCAS HUAMAN', '051101', '0'),
('050902', 'AYACUCHO', 'VILCAS HUAMAN', 'VISCHONGO', '051108', '0'),
('050903', 'AYACUCHO', 'VILCAS HUAMAN', 'ACCOMARCA', '051102', '0'),
('050904', 'AYACUCHO', 'VILCAS HUAMAN', 'CARHUANCA', '051103', '0'),
('050905', 'AYACUCHO', 'VILCAS HUAMAN', 'CONCEPCION', '051104', '0'),
('050906', 'AYACUCHO', 'VILCAS HUAMAN', 'HUAMBALPA', '051105', '0'),
('050907', 'AYACUCHO', 'VILCAS HUAMAN', 'SAURAMA', '051107', '0'),
('050908', 'AYACUCHO', 'VILCAS HUAMAN', 'INDEPENDENCIA', '051106', '0'),
('051001', 'AYACUCHO', 'PAUCAR DEL SARA SARA', 'PAUSA', '050801', '0'),
('051002', 'AYACUCHO', 'PAUCAR DEL SARA SARA', 'COLTA', '050802', '0'),
('051003', 'AYACUCHO', 'PAUCAR DEL SARA SARA', 'CORCULLA', '050803', '0'),
('051004', 'AYACUCHO', 'PAUCAR DEL SARA SARA', 'LAMPA', '050804', '0'),
('051005', 'AYACUCHO', 'PAUCAR DEL SARA SARA', 'MARCABAMBA', '050805', '0'),
('051006', 'AYACUCHO', 'PAUCAR DEL SARA SARA', 'OYOLO', '050806', '0'),
('051007', 'AYACUCHO', 'PAUCAR DEL SARA SARA', 'PARARCA', '050807', '0'),
('051008', 'AYACUCHO', 'PAUCAR DEL SARA SARA', 'SAN JAVIER DE ALPABAMBA', '050808', '0'),
('051009', 'AYACUCHO', 'PAUCAR DEL SARA SARA', 'SAN JOSE DE USHUA', '050809', '0'),
('051010', 'AYACUCHO', 'PAUCAR DEL SARA SARA', 'SARA SARA', '050810', '0'),
('051101', 'AYACUCHO', 'SUCRE', 'QUEROBAMBA', '050901', '0'),
('051102', 'AYACUCHO', 'SUCRE', 'BELEN', '050902', '0'),
('051103', 'AYACUCHO', 'SUCRE', 'CHALCOS', '050903', '0'),
('051104', 'AYACUCHO', 'SUCRE', 'SAN SALVADOR DE QUIJE', '050909', '0'),
('051105', 'AYACUCHO', 'SUCRE', 'PAICO', '050907', '0'),
('051106', 'AYACUCHO', 'SUCRE', 'SANTIAGO DE PAUCARAY', '050910', '0'),
('051107', 'AYACUCHO', 'SUCRE', 'SAN PEDRO DE LARCAY', '050908', '0'),
('051108', 'AYACUCHO', 'SUCRE', 'SORAS', '050911', '0'),
('051109', 'AYACUCHO', 'SUCRE', 'HUACAÑA', '050905', '0'),
('051110', 'AYACUCHO', 'SUCRE', 'CHILCAYOC', '050904', '0'),
('051111', 'AYACUCHO', 'SUCRE', 'MORCOLLA', '050906', '0'),
('060101', 'CAJAMARCA', 'CAJAMARCA', 'CAJAMARCA', '060101', '0'),
('060102', 'CAJAMARCA', 'CAJAMARCA', 'ASUNCION', '060102', '0'),
('060103', 'CAJAMARCA', 'CAJAMARCA', 'COSPAN', '060104', '0'),
('060104', 'CAJAMARCA', 'CAJAMARCA', 'CHETILLA', '060103', '0'),
('060105', 'CAJAMARCA', 'CAJAMARCA', 'ENCAÑADA', '060105', '0'),
('060106', 'CAJAMARCA', 'CAJAMARCA', 'JESUS', '060106', '0'),
('060107', 'CAJAMARCA', 'CAJAMARCA', 'LOS BAÑOS DEL INCA', '060108', '0'),
('060108', 'CAJAMARCA', 'CAJAMARCA', 'LLACANORA', '060107', '0'),
('060109', 'CAJAMARCA', 'CAJAMARCA', 'MAGDALENA', '060109', '0'),
('060110', 'CAJAMARCA', 'CAJAMARCA', 'MATARA', '060110', '0'),
('060111', 'CAJAMARCA', 'CAJAMARCA', 'NAMORA', '060111', '0'),
('060112', 'CAJAMARCA', 'CAJAMARCA', 'SAN JUAN', '060112', '0'),
('060201', 'CAJAMARCA', 'CAJABAMBA', 'CAJABAMBA', '060201', '1'),
('060202', 'CAJAMARCA', 'CAJABAMBA', 'CACHACHI', '060202', '1'),
('060203', 'CAJAMARCA', 'CAJABAMBA', 'CONDEBAMBA', '060203', '1'),
('060205', 'CAJAMARCA', 'CAJABAMBA', 'SITACOCHA', '060204', '1'),
('060301', 'CAJAMARCA', 'CELENDIN', 'CELENDIN', '060301', '1'),
('060302', 'CAJAMARCA', 'CELENDIN', 'CORTEGANA', '060303', '1'),
('060303', 'CAJAMARCA', 'CELENDIN', 'CHUMUCH', '060302', '1'),
('060304', 'CAJAMARCA', 'CELENDIN', 'HUASMIN', '060304', '1'),
('060305', 'CAJAMARCA', 'CELENDIN', 'JORGE CHAVEZ', '060305', '1'),
('060306', 'CAJAMARCA', 'CELENDIN', 'JOSE GALVEZ', '060306', '1'),
('060307', 'CAJAMARCA', 'CELENDIN', 'MIGUEL IGLESIAS', '060307', '1'),
('060308', 'CAJAMARCA', 'CELENDIN', 'OXAMARCA', '060308', '1'),
('060309', 'CAJAMARCA', 'CELENDIN', 'SOROCHUCO', '060309', '1'),
('060310', 'CAJAMARCA', 'CELENDIN', 'SUCRE', '060310', '1'),
('060311', 'CAJAMARCA', 'CELENDIN', 'UTCO', '060311', '1'),
('060312', 'CAJAMARCA', 'CELENDIN', 'LA LIBERTAD DE PALLAN', '060312', '1'),
('060401', 'CAJAMARCA', 'CONTUMAZA', 'CONTUMAZA', '060501', '1'),
('060403', 'CAJAMARCA', 'CONTUMAZA', 'CHILETE', '060502', '1'),
('060404', 'CAJAMARCA', 'CONTUMAZA', 'GUZMANGO', '060504', '1'),
('060405', 'CAJAMARCA', 'CONTUMAZA', 'SAN BENITO', '060505', '1'),
('060406', 'CAJAMARCA', 'CONTUMAZA', 'CUPISNIQUE', '060503', '1'),
('060407', 'CAJAMARCA', 'CONTUMAZA', 'TANTARICA', '060507', '1'),
('060408', 'CAJAMARCA', 'CONTUMAZA', 'YONAN', '060508', '1'),
('060409', 'CAJAMARCA', 'CONTUMAZA', 'SANTA CRUZ DE TOLED', '060506', '1'),
('060501', 'CAJAMARCA', 'CUTERVO', 'CUTERVO', '060601', '1'),
('060502', 'CAJAMARCA', 'CUTERVO', 'CALLAYUC', '060602', '1'),
('060503', 'CAJAMARCA', 'CUTERVO', 'CUJILLO', '060604', '1'),
('060504', 'CAJAMARCA', 'CUTERVO', 'CHOROS', '060603', '1'),
('060505', 'CAJAMARCA', 'CUTERVO', 'LA RAMADA', '060605', '1'),
('060506', 'CAJAMARCA', 'CUTERVO', 'PIMPINGOS', '060606', '1'),
('060507', 'CAJAMARCA', 'CUTERVO', 'QUEROCOTILLO', '060607', '1'),
('060508', 'CAJAMARCA', 'CUTERVO', 'SAN ANDRES DE CUTERVO', '060608', '1'),
('060509', 'CAJAMARCA', 'CUTERVO', 'SAN JUAN DE CUTERVO', '060609', '1'),
('060510', 'CAJAMARCA', 'CUTERVO', 'SAN LUIS DE LUCMA', '060610', '1'),
('060511', 'CAJAMARCA', 'CUTERVO', 'SANTA CRUZ', '060611', '1'),
('060512', 'CAJAMARCA', 'CUTERVO', 'SANTO DOMINGO DE LA CAPILLA', '060612', '1'),
('060513', 'CAJAMARCA', 'CUTERVO', 'SANTO TOMAS', '060613', '1'),
('060514', 'CAJAMARCA', 'CUTERVO', 'SOCOTA', '060614', '1'),
('060515', 'CAJAMARCA', 'CUTERVO', 'TORIBIO CASANOVA', '060615', '1'),
('060601', 'CAJAMARCA', 'CHOTA', 'CHOTA', '060401', '1'),
('060602', 'CAJAMARCA', 'CHOTA', 'ANGUIA', '060402', '1'),
('060603', 'CAJAMARCA', 'CHOTA', 'COCHABAMBA', '060407', '1'),
('060604', 'CAJAMARCA', 'CHOTA', 'CONCHAN', '060408', '1'),
('060605', 'CAJAMARCA', 'CHOTA', 'CHADIN', '060403', '1'),
('060606', 'CAJAMARCA', 'CHOTA', 'CHIGUIRIP', '060404', '1'),
('060607', 'CAJAMARCA', 'CHOTA', 'CHIMBAN', '060405', '1'),
('060608', 'CAJAMARCA', 'CHOTA', 'HUAMBOS', '060409', '1'),
('060609', 'CAJAMARCA', 'CHOTA', 'LAJAS', '060410', '1'),
('060610', 'CAJAMARCA', 'CHOTA', 'LLAMA', '060411', '1'),
('060611', 'CAJAMARCA', 'CHOTA', 'MIRACOSTA', '060412', '1'),
('060612', 'CAJAMARCA', 'CHOTA', 'PACCHA', '060413', '1'),
('060613', 'CAJAMARCA', 'CHOTA', 'PION', '060414', '1'),
('060614', 'CAJAMARCA', 'CHOTA', 'QUEROCOTO', '060415', '1'),
('060615', 'CAJAMARCA', 'CHOTA', 'TACABAMBA', '060417', '1'),
('060616', 'CAJAMARCA', 'CHOTA', 'TOCMOCHE', '060418', '1'),
('060617', 'CAJAMARCA', 'CHOTA', 'SAN JUAN DE LICUPIS', '060416', '1'),
('060618', 'CAJAMARCA', 'CHOTA', 'CHOROPAMPA', '060406', '1'),
('060619', 'CAJAMARCA', 'CHOTA', 'CHALAMARCA', '060419', '1'),
('060701', 'CAJAMARCA', 'HUALGAYOC', 'BAMBAMARCA', '060701', '1'),
('060702', 'CAJAMARCA', 'HUALGAYOC', 'CHUGUR', '060702', '1'),
('060703', 'CAJAMARCA', 'HUALGAYOC', 'HUALGAYOC', '060703', '1'),
('060801', 'CAJAMARCA', 'JAEN', 'JAEN', '060801', '1'),
('060802', 'CAJAMARCA', 'JAEN', 'BELLAVISTA', '060802', '1'),
('060803', 'CAJAMARCA', 'JAEN', 'COLASAY', '060804', '1'),
('060804', 'CAJAMARCA', 'JAEN', 'CHONTALI', '060803', '1'),
('060805', 'CAJAMARCA', 'JAEN', 'POMAHUACA', '060807', '1'),
('060806', 'CAJAMARCA', 'JAEN', 'PUCARA', '060808', '1'),
('060807', 'CAJAMARCA', 'JAEN', 'SALLIQUE', '060809', '1'),
('060808', 'CAJAMARCA', 'JAEN', 'SAN FELIPE', '060810', '1'),
('060809', 'CAJAMARCA', 'JAEN', 'SAN JOSE DEL ALTO', '060811', '1'),
('060810', 'CAJAMARCA', 'JAEN', 'SANTA ROSA', '060812', '1'),
('060811', 'CAJAMARCA', 'JAEN', 'LAS PIRIAS', '060806', '1'),
('060812', 'CAJAMARCA', 'JAEN', 'HUABAL', '060805', '1'),
('060901', 'CAJAMARCA', 'SANTA CRUZ', 'SANTA CRUZ', '061301', '1'),
('060902', 'CAJAMARCA', 'SANTA CRUZ', 'CATACHE', '061303', '1'),
('060903', 'CAJAMARCA', 'SANTA CRUZ', 'CHANCAYBAÑOS', '061304', '1'),
('060904', 'CAJAMARCA', 'SANTA CRUZ', 'LA ESPERANZA', '061305', '1'),
('060905', 'CAJAMARCA', 'SANTA CRUZ', 'NINABAMBA', '061306', '1'),
('060906', 'CAJAMARCA', 'SANTA CRUZ', 'PULAN', '061307', '1'),
('060907', 'CAJAMARCA', 'SANTA CRUZ', 'SEXI', '061309', '1'),
('060908', 'CAJAMARCA', 'SANTA CRUZ', 'UTICYACU', '061310', '1'),
('060909', 'CAJAMARCA', 'SANTA CRUZ', 'YAUYUCAN', '061311', '1'),
('060910', 'CAJAMARCA', 'SANTA CRUZ', 'ANDABAMBA', '061302', '1'),
('060911', 'CAJAMARCA', 'SANTA CRUZ', 'SAUCEPAMPA', '061308', '1'),
('061001', 'CAJAMARCA', 'SAN MIGUEL', 'SAN MIGUEL', '061101', '1'),
('061002', 'CAJAMARCA', 'SAN MIGUEL', 'CALQUIS', '061103', '1'),
('061003', 'CAJAMARCA', 'SAN MIGUEL', 'LA FLORIDA', '061106', '1'),
('061004', 'CAJAMARCA', 'SAN MIGUEL', 'LLAPA', '061107', '1'),
('061005', 'CAJAMARCA', 'SAN MIGUEL', 'NANCHOC', '061108', '1'),
('061006', 'CAJAMARCA', 'SAN MIGUEL', 'NIEPOS', '061109', '1'),
('061007', 'CAJAMARCA', 'SAN MIGUEL', 'SAN GREGORIO', '061110', '1'),
('061008', 'CAJAMARCA', 'SAN MIGUEL', 'SAN SILVESTRE DE COCHAN', '061111', '1'),
('061009', 'CAJAMARCA', 'SAN MIGUEL', 'EL PRADO', '061105', '1'),
('061010', 'CAJAMARCA', 'SAN MIGUEL', 'UNION AGUA BLANCA', '061113', '1'),
('061011', 'CAJAMARCA', 'SAN MIGUEL', 'TONGOD', '061112', '1'),
('061012', 'CAJAMARCA', 'SAN MIGUEL', 'CATILLUC', '061104', '1'),
('061013', 'CAJAMARCA', 'SAN MIGUEL', 'BOLIVAR', '061102', '1'),
('061101', 'CAJAMARCA', 'SAN IGNACIO', 'SAN IGNACIO', '060901', '1'),
('061102', 'CAJAMARCA', 'SAN IGNACIO', 'CHIRINOS', '060902', '1'),
('061103', 'CAJAMARCA', 'SAN IGNACIO', 'HUARANGO', '060903', '1'),
('061104', 'CAJAMARCA', 'SAN IGNACIO', 'NAMBALLE', '060905', '1'),
('061105', 'CAJAMARCA', 'SAN IGNACIO', 'LA COIPA', '060904', '1'),
('061106', 'CAJAMARCA', 'SAN IGNACIO', 'SAN JOSE DE LOURDES', '060906', '1'),
('061107', 'CAJAMARCA', 'SAN IGNACIO', 'TABACONAS', '060907', '1'),
('061201', 'CAJAMARCA', 'SAN MARCOS', 'PEDRO GALVEZ', '061001', '1'),
('061202', 'CAJAMARCA', 'SAN MARCOS', 'ICHOCAN', '061005', '1'),
('061203', 'CAJAMARCA', 'SAN MARCOS', 'GREGORIO PITA', '061004', '1'),
('061204', 'CAJAMARCA', 'SAN MARCOS', 'JOSE MANUEL QUIROZ', '061006', '1'),
('061205', 'CAJAMARCA', 'SAN MARCOS', 'EDUARDO VILLANUEVA', '061003', '1'),
('061206', 'CAJAMARCA', 'SAN MARCOS', 'JOSE SABOGAL', '061007', '1'),
('061207', 'CAJAMARCA', 'SAN MARCOS', 'CHANCAY', '061002', '1'),
('061301', 'CAJAMARCA', 'SAN PABLO', 'SAN PABLO', '061201', '1'),
('061302', 'CAJAMARCA', 'SAN PABLO', 'SAN BERNARDINO', '061202', '1'),
('061303', 'CAJAMARCA', 'SAN PABLO', 'SAN LUIS', '061203', '1'),
('061304', 'CAJAMARCA', 'SAN PABLO', 'TUMBADEN', '061204', '1'),
('070101', 'CUSCO', 'CUSCO', 'CUSCO', '080101', '0'),
('070102', 'CUSCO', 'CUSCO', 'CCORCA', '080102', '0'),
('070103', 'CUSCO', 'CUSCO', 'POROY', '080103', '0'),
('070104', 'CUSCO', 'CUSCO', 'SAN JERONIMO', '080104', '0'),
('070105', 'CUSCO', 'CUSCO', 'SAN SEBASTIAN', '080105', '0'),
('070106', 'CUSCO', 'CUSCO', 'SANTIAGO', '080106', '0'),
('070107', 'CUSCO', 'CUSCO', 'SAYLLA', '080107', '0'),
('070108', 'CUSCO', 'CUSCO', 'WANCHAQ', '080108', '0'),
('070201', 'CUSCO', 'ACOMAYO', 'ACOMAYO', '080201', '1'),
('070202', 'CUSCO', 'ACOMAYO', 'ACOPIA', '080202', '1'),
('070203', 'CUSCO', 'ACOMAYO', 'ACOS', '080203', '1'),
('070204', 'CUSCO', 'ACOMAYO', 'POMACANCHI', '080205', '1'),
('070205', 'CUSCO', 'ACOMAYO', 'RONDOCAN', '080206', '1'),
('070206', 'CUSCO', 'ACOMAYO', 'SANGARARA', '080207', '1'),
('070207', 'CUSCO', 'ACOMAYO', 'MOSOC LLACTA', '080204', '1'),
('070301', 'CUSCO', 'ANTA', 'ANTA', '080301', '1'),
('070302', 'CUSCO', 'ANTA', 'CHINCHAYPUJIO', '080304', '1'),
('070303', 'CUSCO', 'ANTA', 'HUAROCONDO', '080305', '1'),
('070304', 'CUSCO', 'ANTA', 'LIMATAMBO', '080306', '1'),
('070305', 'CUSCO', 'ANTA', 'MOLLEPATA', '080307', '1'),
('070306', 'CUSCO', 'ANTA', 'PUCYURA', '080308', '1'),
('070307', 'CUSCO', 'ANTA', 'ZURITE', '080309', '1'),
('070308', 'CUSCO', 'ANTA', 'CACHIMAYO', '080303', '1'),
('070309', 'CUSCO', 'ANTA', 'ANCAHUASI', '080302', '1'),
('070401', 'CUSCO', 'CALCA', 'CALCA', '080401', '1'),
('070402', 'CUSCO', 'CALCA', 'COYA', '080402', '1'),
('070403', 'CUSCO', 'CALCA', 'LAMAY', '080403', '1'),
('070404', 'CUSCO', 'CALCA', 'LARES', '080404', '1'),
('070405', 'CUSCO', 'CALCA', 'PISAC', '080405', '1'),
('070406', 'CUSCO', 'CALCA', 'SAN SALVADOR', '080406', '1'),
('070407', 'CUSCO', 'CALCA', 'TARAY', '080407', '1'),
('070408', 'CUSCO', 'CALCA', 'YANATILE', '080408', '1'),
('070501', 'CUSCO', 'CANAS', 'YANAOCA', '080501', '1'),
('070502', 'CUSCO', 'CANAS', 'CHECCA', '080502', '1'),
('070503', 'CUSCO', 'CANAS', 'KUNTURKANKI', '080503', '1'),
('070504', 'CUSCO', 'CANAS', 'LANGUI', '080504', '1'),
('070505', 'CUSCO', 'CANAS', 'LAYO', '080505', '1'),
('070506', 'CUSCO', 'CANAS', 'PAMPAMARCA', '080506', '1'),
('070507', 'CUSCO', 'CANAS', 'QUEHUE', '080507', '1'),
('070508', 'CUSCO', 'CANAS', 'TUPAC AMARU', '080508', '1'),
('070601', 'CUSCO', 'CANCHIS', 'SICUANI', '080601', '1'),
('070602', 'CUSCO', 'CANCHIS', 'COMBAPATA', '080603', '1'),
('070603', 'CUSCO', 'CANCHIS', 'CHECACUPE', '080602', '1'),
('070604', 'CUSCO', 'CANCHIS', 'MARANGANI', '080604', '1'),
('070605', 'CUSCO', 'CANCHIS', 'PITUMARCA', '080605', '1'),
('070606', 'CUSCO', 'CANCHIS', 'SAN PABLO', '080606', '1'),
('070607', 'CUSCO', 'CANCHIS', 'SAN PEDRO', '080607', '1'),
('070608', 'CUSCO', 'CANCHIS', 'TINTA', '080608', '1'),
('070701', 'CUSCO', 'CHUMBIVILCAS', 'SANTO TOMAS', '080701', '1'),
('070702', 'CUSCO', 'CHUMBIVILCAS', 'CAPACMARCA', '080702', '1'),
('070703', 'CUSCO', 'CHUMBIVILCAS', 'COLQUEMARCA', '080704', '1'),
('070704', 'CUSCO', 'CHUMBIVILCAS', 'CHAMACA', '080703', '1'),
('070705', 'CUSCO', 'CHUMBIVILCAS', 'LIVITACA', '080705', '1'),
('070706', 'CUSCO', 'CHUMBIVILCAS', 'LLUSCO', '080706', '1'),
('070707', 'CUSCO', 'CHUMBIVILCAS', 'QUIÑOTA', '080707', '1'),
('070708', 'CUSCO', 'CHUMBIVILCAS', 'VELILLE', '080708', '1'),
('070801', 'CUSCO', 'ESPINAR', 'ESPINAR', '080801', '1'),
('070802', 'CUSCO', 'ESPINAR', 'CONDOROMA', '080802', '1'),
('070803', 'CUSCO', 'ESPINAR', 'COPORAQUE', '080803', '1'),
('070804', 'CUSCO', 'ESPINAR', 'OCCORURO', '080804', '1'),
('070805', 'CUSCO', 'ESPINAR', 'PALLPATA', '080805', '1'),
('070806', 'CUSCO', 'ESPINAR', 'PICHIGUA', '080806', '1'),
('070807', 'CUSCO', 'ESPINAR', 'SUYCKUTAMBO', '080807', '1'),
('070808', 'CUSCO', 'ESPINAR', 'ALTO PICHIGUA', '080808', '1'),
('070901', 'CUSCO', 'LA CONVENCION', 'SANTA ANA', '080901', '1'),
('070902', 'CUSCO', 'LA CONVENCION', 'ECHARATI', '080902', '1'),
('070903', 'CUSCO', 'LA CONVENCION', 'HUAYOPATA', '080903', '1'),
('070904', 'CUSCO', 'LA CONVENCION', 'MARANURA', '080904', '1'),
('070905', 'CUSCO', 'LA CONVENCION', 'OCOBAMBA', '080905', '1'),
('070906', 'CUSCO', 'LA CONVENCION', 'SANTA TERESA', '080908', '1'),
('070907', 'CUSCO', 'LA CONVENCION', 'VILCABAMBA', '080909', '1'),
('070908', 'CUSCO', 'LA CONVENCION', 'QUELLOUNO', '080906', '1'),
('070909', 'CUSCO', 'LA CONVENCION', 'KIMBIRI', '080907', '1'),
('070910', 'CUSCO', 'LA CONVENCION', 'PICHARI', '080910', '1'),
('071001', 'CUSCO', 'PARURO', 'PARURO', '081001', '1'),
('071002', 'CUSCO', 'PARURO', 'ACCHA', '081002', '1'),
('071003', 'CUSCO', 'PARURO', 'CCAPI', '081003', '1'),
('071004', 'CUSCO', 'PARURO', 'COLCHA', '081004', '1'),
('071005', 'CUSCO', 'PARURO', 'HUANOQUITE', '081005', '1'),
('071006', 'CUSCO', 'PARURO', 'OMACHA', '081006', '1'),
('071007', 'CUSCO', 'PARURO', 'YAURISQUE', '081009', '1'),
('071008', 'CUSCO', 'PARURO', 'PACCARITAMBO', '081007', '1'),
('071009', 'CUSCO', 'PARURO', 'PILLPINTO', '081008', '1'),
('071101', 'CUSCO', 'PAUCARTAMBO', 'PAUCARTAMBO', '081101', '1'),
('071102', 'CUSCO', 'PAUCARTAMBO', 'CAICAY', '081102', '1'),
('071103', 'CUSCO', 'PAUCARTAMBO', 'COLQUEPATA', '081104', '1'),
('071104', 'CUSCO', 'PAUCARTAMBO', 'CHALLABAMBA', '081103', '1'),
('071105', 'CUSCO', 'PAUCARTAMBO', 'KOSÑIPATA', '081106', '1'),
('071106', 'CUSCO', 'PAUCARTAMBO', 'HUANCARANI', '081105', '1'),
('071201', 'CUSCO', 'QUISPICANCHI', 'URCOS', '081201', '1'),
('071202', 'CUSCO', 'QUISPICANCHI', 'ANDAHUAYLILLAS', '081202', '1'),
('071203', 'CUSCO', 'QUISPICANCHI', 'CAMANTI', '081203', '1'),
('071204', 'CUSCO', 'QUISPICANCHI', 'CCARHUAYO', '081204', '1'),
('071205', 'CUSCO', 'QUISPICANCHI', 'CCATCA', '081205', '1'),
('071206', 'CUSCO', 'QUISPICANCHI', 'CUSIPATA', '081206', '1'),
('071207', 'CUSCO', 'QUISPICANCHI', 'HUARO', '081207', '1'),
('071208', 'CUSCO', 'QUISPICANCHI', 'LUCRE', '081208', '1'),
('071209', 'CUSCO', 'QUISPICANCHI', 'MARCAPATA', '081209', '1'),
('071210', 'CUSCO', 'QUISPICANCHI', 'OCONGATE', '081210', '1'),
('071211', 'CUSCO', 'QUISPICANCHI', 'OROPESA', '081211', '1'),
('071212', 'CUSCO', 'QUISPICANCHI', 'QUIQUIJANA', '081212', '1'),
('071301', 'CUSCO', 'URUBAMBA', 'URUBAMBA', '081301', '1'),
('071302', 'CUSCO', 'URUBAMBA', 'CHINCHERO', '081302', '1'),
('071303', 'CUSCO', 'URUBAMBA', 'HUAYLLABAMBA', '081303', '1'),
('071304', 'CUSCO', 'URUBAMBA', 'MACHUPICCHU', '081304', '1'),
('071305', 'CUSCO', 'URUBAMBA', 'MARAS', '081305', '1'),
('071306', 'CUSCO', 'URUBAMBA', 'OLLANTAYTAMBO', '081306', '1'),
('071307', 'CUSCO', 'URUBAMBA', 'YUCAY', '081307', '1'),
('080101', 'HUANCAVELICA', 'HUANCAVELICA', 'HUANCAVELICA', '090101', '0'),
('080102', 'HUANCAVELICA', 'HUANCAVELICA', 'ACOBAMBILLA', '090102', '0'),
('080103', 'HUANCAVELICA', 'HUANCAVELICA', 'ACORIA', '090103', '0'),
('080104', 'HUANCAVELICA', 'HUANCAVELICA', 'CONAYCA', '090104', '0'),
('080105', 'HUANCAVELICA', 'HUANCAVELICA', 'CUENCA', '090105', '0'),
('080106', 'HUANCAVELICA', 'HUANCAVELICA', 'HUACHOCOLPA', '090106', '0'),
('080108', 'HUANCAVELICA', 'HUANCAVELICA', 'HUAYLLAHUARA', '090107', '0'),
('080109', 'HUANCAVELICA', 'HUANCAVELICA', 'IZCUCHACA', '090108', '0'),
('080110', 'HUANCAVELICA', 'HUANCAVELICA', 'LARIA', '090109', '0'),
('080111', 'HUANCAVELICA', 'HUANCAVELICA', 'MANTA', '090110', '0'),
('080112', 'HUANCAVELICA', 'HUANCAVELICA', 'MARISCAL CACERES', '090111', '0'),
('080113', 'HUANCAVELICA', 'HUANCAVELICA', 'MOYA', '090112', '0'),
('080114', 'HUANCAVELICA', 'HUANCAVELICA', 'NUEVO OCCORO', '090113', '0'),
('080115', 'HUANCAVELICA', 'HUANCAVELICA', 'PALCA', '090114', '0'),
('080116', 'HUANCAVELICA', 'HUANCAVELICA', 'PILCHACA', '090115', '0'),
('080117', 'HUANCAVELICA', 'HUANCAVELICA', 'VILCA', '090116', '0'),
('080118', 'HUANCAVELICA', 'HUANCAVELICA', 'YAULI', '090117', '0'),
('080119', 'HUANCAVELICA', 'HUANCAVELICA', 'ASCENSION', '090118', '0'),
('080120', 'HUANCAVELICA', 'HUANCAVELICA', 'HUANDO', '090119', '0'),
('080201', 'HUANCAVELICA', 'ACOBAMBA', 'ACOBAMBA', '090201', '0'),
('080202', 'HUANCAVELICA', 'ACOBAMBA', 'ANTA', '090203', '0'),
('080203', 'HUANCAVELICA', 'ACOBAMBA', 'ANDABAMBA', '090202', '0'),
('080204', 'HUANCAVELICA', 'ACOBAMBA', 'CAJA', '090204', '0');
INSERT INTO `ubigeo` (`ubigeo1`, `dpto`, `prov`, `distrito`, `ubigeo2`, `orden`) VALUES
('080205', 'HUANCAVELICA', 'ACOBAMBA', 'MARCAS', '090205', '0'),
('080206', 'HUANCAVELICA', 'ACOBAMBA', 'PAUCARA', '090206', '0'),
('080207', 'HUANCAVELICA', 'ACOBAMBA', 'POMACOCHA', '090207', '0'),
('080208', 'HUANCAVELICA', 'ACOBAMBA', 'ROSARIO', '090208', '0'),
('080301', 'HUANCAVELICA', 'ANGARAES', 'LIRCAY', '090301', '0'),
('080302', 'HUANCAVELICA', 'ANGARAES', 'ANCHONGA', '090302', '0'),
('080303', 'HUANCAVELICA', 'ANGARAES', 'CALLANMARCA', '090303', '0'),
('080304', 'HUANCAVELICA', 'ANGARAES', 'CONGALLA', '090306', '0'),
('080305', 'HUANCAVELICA', 'ANGARAES', 'CHINCHO', '090305', '0'),
('080306', 'HUANCAVELICA', 'ANGARAES', 'HUALLAY-GRANDE', '090308', '0'),
('080307', 'HUANCAVELICA', 'ANGARAES', 'HUANCA-HUANCA', '090307', '0'),
('080308', 'HUANCAVELICA', 'ANGARAES', 'JULCAMARCA', '090309', '0'),
('080309', 'HUANCAVELICA', 'ANGARAES', 'SAN ANTONIO DE ANTAPARCO', '090310', '0'),
('080310', 'HUANCAVELICA', 'ANGARAES', 'SANTO TOMAS DE PATA', '090311', '0'),
('080311', 'HUANCAVELICA', 'ANGARAES', 'SECCLLA', '090312', '0'),
('080312', 'HUANCAVELICA', 'ANGARAES', 'CCOCHACCASA', '090304', '0'),
('080401', 'HUANCAVELICA', 'CASTROVIRREYNA', 'CASTROVIRREYNA', '090401', '0'),
('080402', 'HUANCAVELICA', 'CASTROVIRREYNA', 'ARMA', '090402', '0'),
('080403', 'HUANCAVELICA', 'CASTROVIRREYNA', 'AURAHUA', '090403', '0'),
('080405', 'HUANCAVELICA', 'CASTROVIRREYNA', 'CAPILLAS', '090404', '0'),
('080406', 'HUANCAVELICA', 'CASTROVIRREYNA', 'COCAS', '090406', '0'),
('080408', 'HUANCAVELICA', 'CASTROVIRREYNA', 'CHUPAMARCA', '090405', '0'),
('080409', 'HUANCAVELICA', 'CASTROVIRREYNA', 'HUACHOS', '090407', '0'),
('080410', 'HUANCAVELICA', 'CASTROVIRREYNA', 'HUAMATAMBO', '090408', '0'),
('080414', 'HUANCAVELICA', 'CASTROVIRREYNA', 'MOLLEPAMPA', '090409', '0'),
('080422', 'HUANCAVELICA', 'CASTROVIRREYNA', 'SAN JUAN', '090410', '0'),
('080427', 'HUANCAVELICA', 'CASTROVIRREYNA', 'TANTARA', '090412', '0'),
('080428', 'HUANCAVELICA', 'CASTROVIRREYNA', 'TICRAPO', '090413', '0'),
('080429', 'HUANCAVELICA', 'CASTROVIRREYNA', 'SANTA ANA', '090411', '0'),
('080501', 'HUANCAVELICA', 'TAYACAJA', 'PAMPAS', '090701', '0'),
('080502', 'HUANCAVELICA', 'TAYACAJA', 'ACOSTAMBO', '090702', '0'),
('080503', 'HUANCAVELICA', 'TAYACAJA', 'ACRAQUIA', '090703', '0'),
('080504', 'HUANCAVELICA', 'TAYACAJA', 'AHUAYCHA', '090704', '0'),
('080506', 'HUANCAVELICA', 'TAYACAJA', 'COLCABAMBA', '090705', '0'),
('080509', 'HUANCAVELICA', 'TAYACAJA', 'DANIEL HERNANDEZ', '090706', '0'),
('080511', 'HUANCAVELICA', 'TAYACAJA', 'HUACHOCOLPA', '090707', '0'),
('080512', 'HUANCAVELICA', 'TAYACAJA', 'HUARIBAMBA', '090709', '0'),
('080515', 'HUANCAVELICA', 'TAYACAJA', 'ÑAHUIMPUQUIO', '090710', '0'),
('080517', 'HUANCAVELICA', 'TAYACAJA', 'PAZOS', '090711', '0'),
('080518', 'HUANCAVELICA', 'TAYACAJA', 'QUISHUAR', '090713', '0'),
('080519', 'HUANCAVELICA', 'TAYACAJA', 'SALCABAMBA', '090714', '0'),
('080520', 'HUANCAVELICA', 'TAYACAJA', 'SAN MARCOS DE ROCCHAC', '090716', '0'),
('080523', 'HUANCAVELICA', 'TAYACAJA', 'SURCABAMBA', '090717', '0'),
('080525', 'HUANCAVELICA', 'TAYACAJA', 'TINTAY PUNCU', '090718', '0'),
('080526', 'HUANCAVELICA', 'TAYACAJA', 'SALCAHUASI', '090715', '0'),
('080601', 'HUANCAVELICA', 'HUAYTARA', 'AYAVI', '090602', '0'),
('080602', 'HUANCAVELICA', 'HUAYTARA', 'CORDOVA', '090603', '0'),
('080603', 'HUANCAVELICA', 'HUAYTARA', 'HUAYACUNDO ARMA', '090604', '0'),
('080604', 'HUANCAVELICA', 'HUAYTARA', 'HUAYTARA', '090601', '0'),
('080605', 'HUANCAVELICA', 'HUAYTARA', 'LARAMARCA', '090605', '0'),
('080606', 'HUANCAVELICA', 'HUAYTARA', 'OCOYO', '090606', '0'),
('080607', 'HUANCAVELICA', 'HUAYTARA', 'PILPICHACA', '090607', '0'),
('080608', 'HUANCAVELICA', 'HUAYTARA', 'QUERCO', '090608', '0'),
('080609', 'HUANCAVELICA', 'HUAYTARA', 'QUITO ARMA', '090609', '0'),
('080610', 'HUANCAVELICA', 'HUAYTARA', 'SAN ANTONIO DE CUSICANCHA', '090610', '0'),
('080611', 'HUANCAVELICA', 'HUAYTARA', 'SAN FRANCISCO DE SANGAYAICO', '090611', '0'),
('080612', 'HUANCAVELICA', 'HUAYTARA', 'SAN ISIDRO', '090612', '0'),
('080613', 'HUANCAVELICA', 'HUAYTARA', 'SANTIAGO DE CHOCORVOS', '090613', '0'),
('080614', 'HUANCAVELICA', 'HUAYTARA', 'SANTIAGO DE QUIRAHUARA', '090614', '0'),
('080615', 'HUANCAVELICA', 'HUAYTARA', 'SANTO DOMINGO DE CAPILLAS', '090615', '0'),
('080616', 'HUANCAVELICA', 'HUAYTARA', 'TAMBO', '090616', '0'),
('080701', 'HUANCAVELICA', 'CHURCAMPA', 'CHURCAMPA', '090501', '0'),
('080702', 'HUANCAVELICA', 'CHURCAMPA', 'ANCO', '090502', '0'),
('080703', 'HUANCAVELICA', 'CHURCAMPA', 'CHINCHIHUASI', '090503', '0'),
('080704', 'HUANCAVELICA', 'CHURCAMPA', 'EL CARMEN', '090504', '0'),
('080705', 'HUANCAVELICA', 'CHURCAMPA', 'LA MERCED', '090505', '0'),
('080706', 'HUANCAVELICA', 'CHURCAMPA', 'LOCROJA', '090506', '0'),
('080707', 'HUANCAVELICA', 'CHURCAMPA', 'PAUCARBAMBA', '090507', '0'),
('080708', 'HUANCAVELICA', 'CHURCAMPA', 'SAN MIGUEL DE MAYOCC', '090508', '0'),
('080709', 'HUANCAVELICA', 'CHURCAMPA', 'SAN PEDRO DE CORIS', '090509', '0'),
('080710', 'HUANCAVELICA', 'CHURCAMPA', 'PACHAMARCA', '090510', '0'),
('090101', 'HUANUCO', 'HUANUCO', 'HUANUCO', '100101', '0'),
('090102', 'HUANUCO', 'HUANUCO', 'CHINCHAO', '100103', '0'),
('090103', 'HUANUCO', 'HUANUCO', 'CHURUBAMBA', '100104', '0'),
('090104', 'HUANUCO', 'HUANUCO', 'MARGOS', '100105', '0'),
('090105', 'HUANUCO', 'HUANUCO', 'QUISQUI', '100106', '0'),
('090106', 'HUANUCO', 'HUANUCO', 'SAN FRANCISCO DE CAYRAN', '100107', '0'),
('090107', 'HUANUCO', 'HUANUCO', 'SAN PEDRO DE CHAULAN', '100108', '0'),
('090108', 'HUANUCO', 'HUANUCO', 'SANTA MARIA DEL VALLE', '100109', '0'),
('090109', 'HUANUCO', 'HUANUCO', 'YARUMAYO', '100110', '0'),
('090110', 'HUANUCO', 'HUANUCO', 'AMARILIS', '100102', '0'),
('090111', 'HUANUCO', 'HUANUCO', 'PILLCO MARCA', '100111', '0'),
('090201', 'HUANUCO', 'AMBO', 'AMBO', '100201', '1'),
('090202', 'HUANUCO', 'AMBO', 'CAYNA', '100202', '1'),
('090203', 'HUANUCO', 'AMBO', 'COLPAS', '100203', '1'),
('090204', 'HUANUCO', 'AMBO', 'CONCHAMARCA', '100204', '1'),
('090205', 'HUANUCO', 'AMBO', 'HUACAR', '100205', '1'),
('090206', 'HUANUCO', 'AMBO', 'SAN FRANCISCO', '100206', '1'),
('090207', 'HUANUCO', 'AMBO', 'SAN RAFAEL', '100207', '1'),
('090208', 'HUANUCO', 'AMBO', 'TOMAY-KICHWA', '100208', '1'),
('090301', 'HUANUCO', 'DOS DE MAYO', 'LA UNION', '100301', '1'),
('090307', 'HUANUCO', 'DOS DE MAYO', 'CHUQUIS', '100307', '1'),
('090312', 'HUANUCO', 'DOS DE MAYO', 'MARIAS', '100311', '1'),
('090314', 'HUANUCO', 'DOS DE MAYO', 'PACHAS', '100313', '1'),
('090316', 'HUANUCO', 'DOS DE MAYO', 'QUIVILLA', '100316', '1'),
('090317', 'HUANUCO', 'DOS DE MAYO', 'RIPAN', '100317', '1'),
('090321', 'HUANUCO', 'DOS DE MAYO', 'SHUNQUI', '100321', '1'),
('090322', 'HUANUCO', 'DOS DE MAYO', 'SILLAPATA', '100322', '1'),
('090323', 'HUANUCO', 'DOS DE MAYO', 'YANAS', '100323', '1'),
('090401', 'HUANUCO', 'HUAMALIES', 'LLATA', '100501', '1'),
('090402', 'HUANUCO', 'HUAMALIES', 'ARANCAY', '100502', '1'),
('090403', 'HUANUCO', 'HUAMALIES', 'CHAVIN DE PARIARCA', '100503', '1'),
('090404', 'HUANUCO', 'HUAMALIES', 'JACAS GRANDE', '100504', '1'),
('090405', 'HUANUCO', 'HUAMALIES', 'JIRCAN', '100505', '1'),
('090406', 'HUANUCO', 'HUAMALIES', 'MIRAFLORES', '100506', '1'),
('090407', 'HUANUCO', 'HUAMALIES', 'MONZON', '100507', '1'),
('090408', 'HUANUCO', 'HUAMALIES', 'PUNCHAO', '100508', '1'),
('090409', 'HUANUCO', 'HUAMALIES', 'PUÑOS', '100509', '1'),
('090410', 'HUANUCO', 'HUAMALIES', 'SINGA', '100510', '1'),
('090411', 'HUANUCO', 'HUAMALIES', 'TANTAMAYO', '100511', '1'),
('090501', 'HUANUCO', 'MARAÑON', 'HUACRACHUCO', '100701', '1'),
('090502', 'HUANUCO', 'MARAÑON', 'CHOLON', '100702', '1'),
('090505', 'HUANUCO', 'MARAÑON', 'SAN BUENAVENTURA', '100703', '1'),
('090601', 'HUANUCO', 'LEONCIO PRADO', 'RUPA-RUPA', '100601', '1'),
('090602', 'HUANUCO', 'LEONCIO PRADO', 'DANIEL ALOMIA ROBLES', '100602', '1'),
('090603', 'HUANUCO', 'LEONCIO PRADO', 'HERMILIO VALDIZAN', '100603', '1'),
('090604', 'HUANUCO', 'LEONCIO PRADO', 'LUYANDO', '100605', '1'),
('090605', 'HUANUCO', 'LEONCIO PRADO', 'MARIANO DAMASO BERAUN', '100606', '1'),
('090606', 'HUANUCO', 'LEONCIO PRADO', 'JOSE CRESPO Y CASTILLO', '100604', '1'),
('090701', 'HUANUCO', 'PACHITEA', 'PANAO', '100801', '1'),
('090702', 'HUANUCO', 'PACHITEA', 'CHAGLLA', '100802', '1'),
('090704', 'HUANUCO', 'PACHITEA', 'MOLINO', '100803', '1'),
('090706', 'HUANUCO', 'PACHITEA', 'UMARI', '100804', '1'),
('090801', 'HUANUCO', 'PUERTO INCA', 'HONORIA', '100903', '1'),
('090802', 'HUANUCO', 'PUERTO INCA', 'PUERTO INCA', '100901', '1'),
('090803', 'HUANUCO', 'PUERTO INCA', 'CODO DEL POZUZO', '100902', '1'),
('090804', 'HUANUCO', 'PUERTO INCA', 'TOURNAVISTA', '100904', '1'),
('090805', 'HUANUCO', 'PUERTO INCA', 'YUYAPICHIS', '100905', '1'),
('090901', 'HUANUCO', 'HUACAYBAMBA', 'HUACAYBAMBA', '100401', '1'),
('090902', 'HUANUCO', 'HUACAYBAMBA', 'PINRA', '100404', '1'),
('090903', 'HUANUCO', 'HUACAYBAMBA', 'CANCHABAMBA', '100402', '1'),
('090904', 'HUANUCO', 'HUACAYBAMBA', 'COCHABAMBA', '100403', '1'),
('091001', 'HUANUCO', 'LAURICOCHA', 'JESUS', '101001', '1'),
('091002', 'HUANUCO', 'LAURICOCHA', 'BAÑOS', '101002', '1'),
('091003', 'HUANUCO', 'LAURICOCHA', 'SAN FRANCISCO DE ASIS', '101006', '1'),
('091004', 'HUANUCO', 'LAURICOCHA', 'QUEROPALCA', '101004', '1'),
('091005', 'HUANUCO', 'LAURICOCHA', 'SAN MIGUEL DE CAURI', '101007', '1'),
('091006', 'HUANUCO', 'LAURICOCHA', 'RONDOS', '101005', '1'),
('091007', 'HUANUCO', 'LAURICOCHA', 'JIVIA', '101003', '1'),
('091101', 'HUANUCO', 'YAROWILCA', 'CHAVINILLO', '101101', '1'),
('091102', 'HUANUCO', 'YAROWILCA', 'APARICIO POMARES', '101104', '1'),
('091103', 'HUANUCO', 'YAROWILCA', 'CAHUAC', '101102', '1'),
('091104', 'HUANUCO', 'YAROWILCA', 'CHACABAMBA', '101103', '1'),
('091105', 'HUANUCO', 'YAROWILCA', 'JACAS CHICO', '101105', '1'),
('091106', 'HUANUCO', 'YAROWILCA', 'OBAS', '101106', '1'),
('091107', 'HUANUCO', 'YAROWILCA', 'PAMPAMARCA', '101107', '1'),
('091108', 'HUANUCO', 'YAROWILCA', 'CHORAS', '101108', '1'),
('100101', 'ICA', 'ICA', 'ICA', '110101', '0'),
('100102', 'ICA', 'ICA', 'LA TINGUIÑA', '110102', '0'),
('100103', 'ICA', 'ICA', 'LOS AQUIJES', '110103', '0'),
('100104', 'ICA', 'ICA', 'PARCONA', '110106', '0'),
('100105', 'ICA', 'ICA', 'PUEBLO NUEVO', '110107', '0'),
('100106', 'ICA', 'ICA', 'SALAS', '110108', '0'),
('100107', 'ICA', 'ICA', 'SAN JOSE DE LOS MOLINOS', '110109', '0'),
('100108', 'ICA', 'ICA', 'SAN JUAN BAUTISTA', '110110', '0'),
('100109', 'ICA', 'ICA', 'SANTIAGO', '110111', '0'),
('100110', 'ICA', 'ICA', 'SUBTANJALLA', '110112', '0'),
('100111', 'ICA', 'ICA', 'YAUCA DEL ROSARIO', '110114', '0'),
('100112', 'ICA', 'ICA', 'TATE', '110113', '0'),
('100113', 'ICA', 'ICA', 'PACHACUTEC', '110105', '0'),
('100114', 'ICA', 'ICA', 'OCUCAJE', '110104', '0'),
('100201', 'ICA', 'CHINCHA', 'CHINCHA ALTA', '110201', '0'),
('100202', 'ICA', 'CHINCHA', 'CHAVIN', '110203', '0'),
('100203', 'ICA', 'CHINCHA', 'CHINCHA BAJA', '110204', '0'),
('100204', 'ICA', 'CHINCHA', 'EL CARMEN', '110205', '0'),
('100205', 'ICA', 'CHINCHA', 'GROCIO PRADO', '110206', '0'),
('100206', 'ICA', 'CHINCHA', 'SAN PEDRO DE HUACARPANA', '110209', '0'),
('100207', 'ICA', 'CHINCHA', 'SUNAMPE', '110210', '0'),
('100208', 'ICA', 'CHINCHA', 'TAMBO DE MORA', '110211', '0'),
('100209', 'ICA', 'CHINCHA', 'ALTO LARAN', '110202', '0'),
('100210', 'ICA', 'CHINCHA', 'PUEBLO NUEVO', '110207', '0'),
('100211', 'ICA', 'CHINCHA', 'SAN JUAN DE YANAC', '110208', '0'),
('100301', 'ICA', 'NAZCA', 'NAZCA', '110301', '0'),
('100302', 'ICA', 'NAZCA', 'CHANGUILLO', '110302', '0'),
('100303', 'ICA', 'NAZCA', 'EL INGENIO', '110303', '0'),
('100304', 'ICA', 'NAZCA', 'MARCONA', '110304', '0'),
('100305', 'ICA', 'NAZCA', 'VISTA ALEGRE', '110305', '0'),
('100401', 'ICA', 'PISCO', 'PISCO', '110501', '0'),
('100402', 'ICA', 'PISCO', 'HUANCANO', '110502', '0'),
('100403', 'ICA', 'PISCO', 'HUMAY', '110503', '0'),
('100404', 'ICA', 'PISCO', 'INDEPENDENCIA', '110504', '0'),
('100405', 'ICA', 'PISCO', 'PARACAS', '110505', '0'),
('100406', 'ICA', 'PISCO', 'SAN ANDRES', '110506', '0'),
('100407', 'ICA', 'PISCO', 'SAN CLEMENTE', '110507', '0'),
('100408', 'ICA', 'PISCO', 'TUPAC AMARU INCA', '110508', '0'),
('100501', 'ICA', 'PALPA', 'PALPA', '110401', '0'),
('100502', 'ICA', 'PALPA', 'LLIPATA', '110402', '0'),
('100503', 'ICA', 'PALPA', 'RIO GRANDE', '110403', '0'),
('100504', 'ICA', 'PALPA', 'SANTA CRUZ', '110404', '0'),
('100505', 'ICA', 'PALPA', 'TIBILLO', '110405', '0'),
('110101', 'JUNIN', 'HUANCAYO', 'HUANCAYO', '120101', '0'),
('110103', 'JUNIN', 'HUANCAYO', 'CARHUACALLANGA', '120104', '0'),
('110104', 'JUNIN', 'HUANCAYO', 'COLCA', '120112', '0'),
('110105', 'JUNIN', 'HUANCAYO', 'CULLHUAS', '120113', '0'),
('110106', 'JUNIN', 'HUANCAYO', 'CHACAPAMPA', '120105', '0'),
('110107', 'JUNIN', 'HUANCAYO', 'CHICCHE', '120106', '0'),
('110108', 'JUNIN', 'HUANCAYO', 'CHILCA', '120107', '0'),
('110109', 'JUNIN', 'HUANCAYO', 'CHONGOS ALTO', '120108', '0'),
('110112', 'JUNIN', 'HUANCAYO', 'CHUPURO', '120111', '0'),
('110113', 'JUNIN', 'HUANCAYO', 'EL TAMBO', '120114', '0'),
('110114', 'JUNIN', 'HUANCAYO', 'HUACRAPUQUIO', '120116', '0'),
('110116', 'JUNIN', 'HUANCAYO', 'HUALHUAS', '120117', '0'),
('110118', 'JUNIN', 'HUANCAYO', 'HUANCAN', '120119', '0'),
('110119', 'JUNIN', 'HUANCAYO', 'HUASICANCHA', '120120', '0'),
('110120', 'JUNIN', 'HUANCAYO', 'HUAYUCACHI', '120121', '0'),
('110121', 'JUNIN', 'HUANCAYO', 'INGENIO', '120122', '0'),
('110122', 'JUNIN', 'HUANCAYO', 'PARIAHUANCA', '120124', '0'),
('110123', 'JUNIN', 'HUANCAYO', 'PILCOMAYO', '120125', '0'),
('110124', 'JUNIN', 'HUANCAYO', 'PUCARA', '120126', '0'),
('110125', 'JUNIN', 'HUANCAYO', 'QUICHUAY', '120127', '0'),
('110126', 'JUNIN', 'HUANCAYO', 'QUILCAS', '120128', '0'),
('110127', 'JUNIN', 'HUANCAYO', 'SAN AGUSTIN', '120129', '0'),
('110128', 'JUNIN', 'HUANCAYO', 'SAN JERONIMO DE TUNAN', '120130', '0'),
('110131', 'JUNIN', 'HUANCAYO', 'SANTO DOMINGO DE ACOBAMBA', '120135', '0'),
('110132', 'JUNIN', 'HUANCAYO', 'SAÑO', '120132', '0'),
('110133', 'JUNIN', 'HUANCAYO', 'SAPALLANGA', '120133', '0'),
('110134', 'JUNIN', 'HUANCAYO', 'SICAYA', '120134', '0'),
('110136', 'JUNIN', 'HUANCAYO', 'VIQUES', '120136', '0'),
('110201', 'JUNIN', 'CONCEPCION', 'CONCEPCION', '120201', '1'),
('110202', 'JUNIN', 'CONCEPCION', 'ACO', '120202', '1'),
('110203', 'JUNIN', 'CONCEPCION', 'ANDAMARCA', '120203', '1'),
('110204', 'JUNIN', 'CONCEPCION', 'COMAS', '120206', '1'),
('110205', 'JUNIN', 'CONCEPCION', 'COCHAS', '120205', '1'),
('110206', 'JUNIN', 'CONCEPCION', 'CHAMBARA', '120204', '1'),
('110207', 'JUNIN', 'CONCEPCION', 'HEROINAS TOLEDO', '120207', '1'),
('110208', 'JUNIN', 'CONCEPCION', 'MANZANARES', '120208', '1'),
('110209', 'JUNIN', 'CONCEPCION', 'MARISCAL CASTILLA', '120209', '1'),
('110210', 'JUNIN', 'CONCEPCION', 'MATAHUASI', '120210', '1'),
('110211', 'JUNIN', 'CONCEPCION', 'MITO', '120211', '1'),
('110212', 'JUNIN', 'CONCEPCION', 'NUEVE DE JULIO', '120212', '1'),
('110213', 'JUNIN', 'CONCEPCION', 'ORCOTUNA', '120213', '1'),
('110214', 'JUNIN', 'CONCEPCION', 'SANTA ROSA DE OCOPA', '120215', '1'),
('110215', 'JUNIN', 'CONCEPCION', 'SAN JOSE DE QUERO', '120214', '1'),
('110301', 'JUNIN', 'JAUJA', 'JAUJA', '120401', '1'),
('110302', 'JUNIN', 'JAUJA', 'ACOLLA', '120402', '1'),
('110303', 'JUNIN', 'JAUJA', 'APATA', '120403', '1'),
('110304', 'JUNIN', 'JAUJA', 'ATAURA', '120404', '1'),
('110305', 'JUNIN', 'JAUJA', 'CANCHAYLLO', '120405', '1'),
('110306', 'JUNIN', 'JAUJA', 'EL MANTARO', '120407', '1'),
('110307', 'JUNIN', 'JAUJA', 'HUAMALI', '120408', '1'),
('110308', 'JUNIN', 'JAUJA', 'HUARIPAMPA', '120409', '1'),
('110309', 'JUNIN', 'JAUJA', 'HUERTAS', '120410', '1'),
('110310', 'JUNIN', 'JAUJA', 'JANJAILLO', '120411', '1'),
('110311', 'JUNIN', 'JAUJA', 'JULCAN', '120412', '1'),
('110312', 'JUNIN', 'JAUJA', 'LEONOR ORDOÑEZ', '120413', '1'),
('110313', 'JUNIN', 'JAUJA', 'LLOCLLAPAMPA', '120414', '1'),
('110314', 'JUNIN', 'JAUJA', 'MARCO', '120415', '1'),
('110315', 'JUNIN', 'JAUJA', 'MASMA', '120416', '1'),
('110316', 'JUNIN', 'JAUJA', 'MOLINOS', '120418', '1'),
('110317', 'JUNIN', 'JAUJA', 'MONOBAMBA', '120419', '1'),
('110318', 'JUNIN', 'JAUJA', 'MUQUI', '120420', '1'),
('110319', 'JUNIN', 'JAUJA', 'MUQUIYAUYO', '120421', '1'),
('110320', 'JUNIN', 'JAUJA', 'PACA', '120422', '1'),
('110321', 'JUNIN', 'JAUJA', 'PACCHA', '120423', '1'),
('110322', 'JUNIN', 'JAUJA', 'PANCAN', '120424', '1'),
('110323', 'JUNIN', 'JAUJA', 'PARCO', '120425', '1'),
('110324', 'JUNIN', 'JAUJA', 'POMACANCHA', '120426', '1'),
('110325', 'JUNIN', 'JAUJA', 'RICRAN', '120427', '1'),
('110326', 'JUNIN', 'JAUJA', 'SAN LORENZO', '120428', '1'),
('110327', 'JUNIN', 'JAUJA', 'SAN PEDRO DE CHUNAN', '120429', '1'),
('110328', 'JUNIN', 'JAUJA', 'SINCOS', '120431', '1'),
('110329', 'JUNIN', 'JAUJA', 'TUNAN MARCA', '120432', '1'),
('110330', 'JUNIN', 'JAUJA', 'YAULI', '120433', '1'),
('110331', 'JUNIN', 'JAUJA', 'CURICACA', '120406', '1'),
('110332', 'JUNIN', 'JAUJA', 'MASMA CHICCHE', '120417', '1'),
('110333', 'JUNIN', 'JAUJA', 'SAUSA', '120430', '1'),
('110334', 'JUNIN', 'JAUJA', 'YAUYOS', '120434', '1'),
('110401', 'JUNIN', 'JUNIN', 'JUNIN', '120501', '1'),
('110402', 'JUNIN', 'JUNIN', 'CARHUAMAYO', '120502', '1'),
('110403', 'JUNIN', 'JUNIN', 'ONDORES', '120503', '1'),
('110404', 'JUNIN', 'JUNIN', 'ULCUMAYO', '120504', '1'),
('110501', 'JUNIN', 'TARMA', 'TARMA', '120701', '1'),
('110502', 'JUNIN', 'TARMA', 'ACOBAMBA', '120702', '1'),
('110503', 'JUNIN', 'TARMA', 'HUARICOLCA', '120703', '1'),
('110504', 'JUNIN', 'TARMA', 'HUASAHUASI', '120704', '1'),
('110505', 'JUNIN', 'TARMA', 'LA UNION', '120705', '1'),
('110506', 'JUNIN', 'TARMA', 'PALCA', '120706', '1'),
('110507', 'JUNIN', 'TARMA', 'PALCAMAYO', '120707', '1'),
('110508', 'JUNIN', 'TARMA', 'SAN PEDRO DE CAJAS', '120708', '1'),
('110509', 'JUNIN', 'TARMA', 'TAPO', '120709', '1'),
('110601', 'JUNIN', 'YAULI', 'LA OROYA', '120801', '1'),
('110602', 'JUNIN', 'YAULI', 'CHACAPALPA', '120802', '1'),
('110603', 'JUNIN', 'YAULI', 'HUAY HUAY', '120803', '1'),
('110604', 'JUNIN', 'YAULI', 'MARCAPOMACOCHA', '120804', '1'),
('110605', 'JUNIN', 'YAULI', 'MOROCOCHA', '120805', '1'),
('110606', 'JUNIN', 'YAULI', 'PACCHA', '120806', '1'),
('110607', 'JUNIN', 'YAULI', 'SANTA BARBARA DE CARHUACAYAN', '120807', '1'),
('110608', 'JUNIN', 'YAULI', 'SUITUCANCHA', '120809', '1'),
('110609', 'JUNIN', 'YAULI', 'YAULI', '120810', '1'),
('110610', 'JUNIN', 'YAULI', 'SANTA ROSA DE SACCO', '120808', '1'),
('110701', 'JUNIN', 'SATIPO', 'SATIPO', '120601', '1'),
('110702', 'JUNIN', 'SATIPO', 'COVIRIALI', '120602', '1'),
('110703', 'JUNIN', 'SATIPO', 'LLAYLLA', '120603', '1'),
('110704', 'JUNIN', 'SATIPO', 'MAZAMARI', '120604', '1'),
('110705', 'JUNIN', 'SATIPO', 'PAMPA HERMOSA', '120605', '1'),
('110706', 'JUNIN', 'SATIPO', 'PANGOA', '120606', '1'),
('110707', 'JUNIN', 'SATIPO', 'RIO NEGRO', '120607', '1'),
('110708', 'JUNIN', 'SATIPO', 'RIO TAMBO', '120608', '1'),
('110801', 'JUNIN', 'CHANCHAMAYO', 'CHANCHAMAYO', '120301', '1'),
('110802', 'JUNIN', 'CHANCHAMAYO', 'SAN RAMON', '120305', '1'),
('110803', 'JUNIN', 'CHANCHAMAYO', 'VITOC', '120306', '1'),
('110804', 'JUNIN', 'CHANCHAMAYO', 'SAN LUIS DE SHUARO', '120304', '1'),
('110805', 'JUNIN', 'CHANCHAMAYO', 'PICHANAQUI', '120303', '1'),
('110806', 'JUNIN', 'CHANCHAMAYO', 'PERENE', '120302', '1'),
('110901', 'JUNIN', 'CHUPACA', 'CHUPACA', '120901', '1'),
('110902', 'JUNIN', 'CHUPACA', 'AHUAC', '120902', '1'),
('110903', 'JUNIN', 'CHUPACA', 'CHONGOS BAJO', '120903', '1'),
('110904', 'JUNIN', 'CHUPACA', 'HUACHAC', '120904', '1'),
('110905', 'JUNIN', 'CHUPACA', 'HUAMANCACA CHICO', '120905', '1'),
('110906', 'JUNIN', 'CHUPACA', 'SAN JUAN DE YSCOS', '120906', '1'),
('110907', 'JUNIN', 'CHUPACA', 'SAN JUAN DE JARPA', '120907', '1'),
('110908', 'JUNIN', 'CHUPACA', 'TRES DE DICIEMBRE', '120908', '1'),
('110909', 'JUNIN', 'CHUPACA', 'YANACANCHA', '120909', '1'),
('120101', 'LA LIBERTAD', 'TRUJILLO', 'TRUJILLO', '130101', '0'),
('120102', 'LA LIBERTAD', 'TRUJILLO', 'HUANCHACO', '130104', '0'),
('120103', 'LA LIBERTAD', 'TRUJILLO', 'LAREDO', '130106', '0'),
('120104', 'LA LIBERTAD', 'TRUJILLO', 'MOCHE', '130107', '0'),
('120105', 'LA LIBERTAD', 'TRUJILLO', 'SALAVERRY', '130109', '0'),
('120106', 'LA LIBERTAD', 'TRUJILLO', 'SIMBAL', '130110', '0'),
('120107', 'LA LIBERTAD', 'TRUJILLO', 'VICTOR LARCO HERRERA', '130111', '0'),
('120109', 'LA LIBERTAD', 'TRUJILLO', 'POROTO', '130108', '0'),
('120110', 'LA LIBERTAD', 'TRUJILLO', 'EL PORVENIR', '130102', '0'),
('120111', 'LA LIBERTAD', 'TRUJILLO', 'LA ESPERANZA', '130105', '0'),
('120112', 'LA LIBERTAD', 'TRUJILLO', 'FLORENCIA DE MORA', '130103', '0'),
('120201', 'LA LIBERTAD', 'BOLIVAR', 'BOLIVAR', '130301', '1'),
('120202', 'LA LIBERTAD', 'BOLIVAR', 'BAMBAMARCA', '130302', '1'),
('120203', 'LA LIBERTAD', 'BOLIVAR', 'CONDORMARCA', '130303', '1'),
('120204', 'LA LIBERTAD', 'BOLIVAR', 'LONGOTEA', '130304', '1'),
('120205', 'LA LIBERTAD', 'BOLIVAR', 'UCUNCHA', '130306', '1'),
('120206', 'LA LIBERTAD', 'BOLIVAR', 'UCHUMARCA', '130305', '1'),
('120301', 'LA LIBERTAD', 'SANCHEZ CARRION', 'HUAMACHUCO', '130901', '1'),
('120302', 'LA LIBERTAD', 'SANCHEZ CARRION', 'COCHORCO', '130903', '1'),
('120303', 'LA LIBERTAD', 'SANCHEZ CARRION', 'CURGOS', '130904', '1'),
('120304', 'LA LIBERTAD', 'SANCHEZ CARRION', 'CHUGAY', '130902', '1'),
('120305', 'LA LIBERTAD', 'SANCHEZ CARRION', 'MARCABAL', '130905', '1'),
('120306', 'LA LIBERTAD', 'SANCHEZ CARRION', 'SANAGORAN', '130906', '1'),
('120307', 'LA LIBERTAD', 'SANCHEZ CARRION', 'SARIN', '130907', '1'),
('120308', 'LA LIBERTAD', 'SANCHEZ CARRION', 'SARTIBAMBA', '130908', '1'),
('120401', 'LA LIBERTAD', 'OTUZCO', 'OTUZCO', '130601', '1'),
('120402', 'LA LIBERTAD', 'OTUZCO', 'AGALLPAMPA', '130602', '1'),
('120403', 'LA LIBERTAD', 'OTUZCO', 'CHARAT', '130604', '1'),
('120404', 'LA LIBERTAD', 'OTUZCO', 'HUARANCHAL', '130605', '1'),
('120405', 'LA LIBERTAD', 'OTUZCO', 'LA CUESTA', '130606', '1'),
('120408', 'LA LIBERTAD', 'OTUZCO', 'PARANDAY', '130610', '1'),
('120409', 'LA LIBERTAD', 'OTUZCO', 'SALPO', '130611', '1'),
('120410', 'LA LIBERTAD', 'OTUZCO', 'SINSICAP', '130613', '1'),
('120411', 'LA LIBERTAD', 'OTUZCO', 'USQUIL', '130614', '1'),
('120413', 'LA LIBERTAD', 'OTUZCO', 'MACHE', '130608', '1'),
('120501', 'LA LIBERTAD', 'PACASMAYO', 'SAN PEDRO DE LLOC', '130701', '1'),
('120503', 'LA LIBERTAD', 'PACASMAYO', 'GUADALUPE', '130702', '1'),
('120504', 'LA LIBERTAD', 'PACASMAYO', 'JEQUETEPEQUE', '130703', '1'),
('120506', 'LA LIBERTAD', 'PACASMAYO', 'PACASMAYO', '130704', '1'),
('120508', 'LA LIBERTAD', 'PACASMAYO', 'SAN JOSE', '130705', '1'),
('120601', 'LA LIBERTAD', 'PATAZ', 'TAYABAMBA', '130801', '1'),
('120602', 'LA LIBERTAD', 'PATAZ', 'BULDIBUYO', '130802', '1'),
('120603', 'LA LIBERTAD', 'PATAZ', 'CHILLIA', '130803', '1'),
('120604', 'LA LIBERTAD', 'PATAZ', 'HUAYLILLAS', '130805', '1'),
('120605', 'LA LIBERTAD', 'PATAZ', 'HUANCASPATA', '130804', '1'),
('120606', 'LA LIBERTAD', 'PATAZ', 'HUAYO', '130806', '1'),
('120607', 'LA LIBERTAD', 'PATAZ', 'ONGON', '130807', '1'),
('120608', 'LA LIBERTAD', 'PATAZ', 'PARCOY', '130808', '1'),
('120609', 'LA LIBERTAD', 'PATAZ', 'PATAZ', '130809', '1'),
('120610', 'LA LIBERTAD', 'PATAZ', 'PIAS', '130810', '1'),
('120611', 'LA LIBERTAD', 'PATAZ', 'TAURIJA', '130812', '1'),
('120612', 'LA LIBERTAD', 'PATAZ', 'URPAY', '130813', '1'),
('120613', 'LA LIBERTAD', 'PATAZ', 'SANTIAGO DE CHALLAS', '130811', '1'),
('120701', 'LA LIBERTAD', 'SANTIAGO DE CHUCO', 'SANTIAGO DE CHUCO', '131001', '1'),
('120702', 'LA LIBERTAD', 'SANTIAGO DE CHUCO', 'CACHICADAN', '131003', '1'),
('120703', 'LA LIBERTAD', 'SANTIAGO DE CHUCO', 'MOLLEBAMBA', '131004', '1'),
('120704', 'LA LIBERTAD', 'SANTIAGO DE CHUCO', 'MOLLEPATA', '131005', '1'),
('120705', 'LA LIBERTAD', 'SANTIAGO DE CHUCO', 'QUIRUVILCA', '131006', '1'),
('120706', 'LA LIBERTAD', 'SANTIAGO DE CHUCO', 'SANTA CRUZ DE CHUCA', '131007', '1'),
('120707', 'LA LIBERTAD', 'SANTIAGO DE CHUCO', 'SITABAMBA', '131008', '1'),
('120708', 'LA LIBERTAD', 'SANTIAGO DE CHUCO', 'ANGASMARCA', '131002', '1'),
('120801', 'LA LIBERTAD', 'ASCOPE', 'ASCOPE', '130201', '1'),
('120802', 'LA LIBERTAD', 'ASCOPE', 'CHICAMA', '130202', '1'),
('120803', 'LA LIBERTAD', 'ASCOPE', 'CHOCOPE', '130203', '1'),
('120804', 'LA LIBERTAD', 'ASCOPE', 'SANTIAGO DE CAO', '130207', '1'),
('120805', 'LA LIBERTAD', 'ASCOPE', 'MAGDALENA DE CAO', '130204', '1'),
('120806', 'LA LIBERTAD', 'ASCOPE', 'PAIJAN', '130205', '1'),
('120807', 'LA LIBERTAD', 'ASCOPE', 'RAZURI', '130206', '1'),
('120808', 'LA LIBERTAD', 'ASCOPE', 'CASA GRANDE', '130208', '1'),
('120901', 'LA LIBERTAD', 'CHEPEN', 'CHEPEN', '130401', '1'),
('120902', 'LA LIBERTAD', 'CHEPEN', 'PACANGA', '130402', '1'),
('120903', 'LA LIBERTAD', 'CHEPEN', 'PUEBLO NUEVO', '130403', '1'),
('121001', 'LA LIBERTAD', 'JULCAN', 'JULCAN', '130501', '1'),
('121002', 'LA LIBERTAD', 'JULCAN', 'CARABAMBA', '130503', '1'),
('121003', 'LA LIBERTAD', 'JULCAN', 'CALAMARCA', '130502', '1'),
('121004', 'LA LIBERTAD', 'JULCAN', 'HUASO', '130504', '1'),
('121101', 'LA LIBERTAD', 'GRAN CHIMU', 'CASCAS', '131101', '1'),
('121102', 'LA LIBERTAD', 'GRAN CHIMU', 'LUCMA', '131102', '1'),
('121103', 'LA LIBERTAD', 'GRAN CHIMU', 'MARMOT', '131103', '1'),
('121104', 'LA LIBERTAD', 'GRAN CHIMU', 'SAYAPULLO', '131104', '1'),
('121201', 'LA LIBERTAD', 'VIRU', 'VIRU', '131201', '1'),
('121202', 'LA LIBERTAD', 'VIRU', 'CHAO', '131202', '1'),
('121203', 'LA LIBERTAD', 'VIRU', 'GUADALUPITO', '131203', '1'),
('130101', 'LAMBAYEQUE', 'CHICLAYO', 'CHICLAYO', '140101', '0'),
('130102', 'LAMBAYEQUE', 'CHICLAYO', 'CHONGOYAPE', '140102', '0'),
('130103', 'LAMBAYEQUE', 'CHICLAYO', 'ETEN', '140103', '0'),
('130104', 'LAMBAYEQUE', 'CHICLAYO', 'ETEN PUERTO', '140104', '0'),
('130105', 'LAMBAYEQUE', 'CHICLAYO', 'LAGUNAS', '140107', '0'),
('130106', 'LAMBAYEQUE', 'CHICLAYO', 'MONSEFU', '140108', '0'),
('130107', 'LAMBAYEQUE', 'CHICLAYO', 'NUEVA ARICA', '140109', '0'),
('130108', 'LAMBAYEQUE', 'CHICLAYO', 'OYOTUN', '140110', '0'),
('130109', 'LAMBAYEQUE', 'CHICLAYO', 'PICSI', '140111', '0'),
('130110', 'LAMBAYEQUE', 'CHICLAYO', 'PIMENTEL', '140112', '0'),
('130111', 'LAMBAYEQUE', 'CHICLAYO', 'REQUE', '140113', '0'),
('130112', 'LAMBAYEQUE', 'CHICLAYO', 'JOSE LEONARDO ORTIZ', '140105', '0'),
('130113', 'LAMBAYEQUE', 'CHICLAYO', 'SANTA ROSA', '140114', '0'),
('130114', 'LAMBAYEQUE', 'CHICLAYO', 'SAÑA', '140115', '0'),
('130115', 'LAMBAYEQUE', 'CHICLAYO', 'LA VICTORIA', '140106', '0'),
('130116', 'LAMBAYEQUE', 'CHICLAYO', 'CAYALTI', '140116', '0'),
('130117', 'LAMBAYEQUE', 'CHICLAYO', 'PATAPO', '140117', '0'),
('130118', 'LAMBAYEQUE', 'CHICLAYO', 'POMALCA', '140118', '0'),
('130119', 'LAMBAYEQUE', 'CHICLAYO', 'PUCALA', '140119', '0'),
('130120', 'LAMBAYEQUE', 'CHICLAYO', 'TUMAN', '140120', '0'),
('130201', 'LAMBAYEQUE', 'FERREÑAFE', 'FERREÑAFE', '140201', '1'),
('130202', 'LAMBAYEQUE', 'FERREÑAFE', 'INCAHUASI', '140203', '1'),
('130203', 'LAMBAYEQUE', 'FERREÑAFE', 'CAÑARIS', '140202', '1'),
('130204', 'LAMBAYEQUE', 'FERREÑAFE', 'PITIPO', '140205', '1'),
('130205', 'LAMBAYEQUE', 'FERREÑAFE', 'PUEBLO NUEVO', '140206', '1'),
('130206', 'LAMBAYEQUE', 'FERREÑAFE', 'MANUEL ANTONIO MESONES MURO', '140204', '1'),
('130301', 'LAMBAYEQUE', 'LAMBAYEQUE', 'LAMBAYEQUE', '140301', '1'),
('130302', 'LAMBAYEQUE', 'LAMBAYEQUE', 'CHOCHOPE', '140302', '1'),
('130303', 'LAMBAYEQUE', 'LAMBAYEQUE', 'ILLIMO', '140303', '1'),
('130304', 'LAMBAYEQUE', 'LAMBAYEQUE', 'JAYANCA', '140304', '1'),
('130305', 'LAMBAYEQUE', 'LAMBAYEQUE', 'MOCHUMI', '140305', '1'),
('130306', 'LAMBAYEQUE', 'LAMBAYEQUE', 'MORROPE', '140306', '1'),
('130307', 'LAMBAYEQUE', 'LAMBAYEQUE', 'MOTUPE', '140307', '1'),
('130308', 'LAMBAYEQUE', 'LAMBAYEQUE', 'OLMOS', '140308', '1'),
('130309', 'LAMBAYEQUE', 'LAMBAYEQUE', 'PACORA', '140309', '1'),
('130310', 'LAMBAYEQUE', 'LAMBAYEQUE', 'SALAS', '140310', '1'),
('130311', 'LAMBAYEQUE', 'LAMBAYEQUE', 'SAN JOSE', '140311', '1'),
('130312', 'LAMBAYEQUE', 'LAMBAYEQUE', 'TUCUME', '140312', '1'),
('140101', 'LIMA', 'LIMA', 'LIMA', '150101', '0'),
('140102', 'LIMA', 'LIMA', 'ANCON', '150102', '0'),
('140103', 'LIMA', 'LIMA', 'ATE', '150103', '0'),
('140104', 'LIMA', 'LIMA', 'BREÑA', '150105', '0'),
('140105', 'LIMA', 'LIMA', 'CARABAYLLO', '150106', '0'),
('140106', 'LIMA', 'LIMA', 'COMAS', '150110', '0'),
('140107', 'LIMA', 'LIMA', 'CHACLACAYO', '150107', '0'),
('140108', 'LIMA', 'LIMA', 'CHORRILLOS', '150108', '0'),
('140109', 'LIMA', 'LIMA', 'LA VICTORIA', '150115', '0'),
('140110', 'LIMA', 'LIMA', 'LA MOLINA', '150114', '0'),
('140111', 'LIMA', 'LIMA', 'LINCE', '150116', '0'),
('140112', 'LIMA', 'LIMA', 'LURIGANCHO', '150118', '0'),
('140113', 'LIMA', 'LIMA', 'LURIN', '150119', '0'),
('140114', 'LIMA', 'LIMA', 'MAGDALENA DEL MAR', '150120', '0'),
('140115', 'LIMA', 'LIMA', 'MIRAFLORES', '150122', '0'),
('140116', 'LIMA', 'LIMA', 'PACHACAMAC', '150123', '0'),
('140117', 'LIMA', 'LIMA', 'PUEBLO LIBRE', '150121', '0'),
('140118', 'LIMA', 'LIMA', 'PUCUSANA', '150124', '0'),
('140119', 'LIMA', 'LIMA', 'PUENTE PIEDRA', '150125', '0'),
('140120', 'LIMA', 'LIMA', 'PUNTA HERMOSA', '150126', '0'),
('140121', 'LIMA', 'LIMA', 'PUNTA NEGRA', '150127', '0'),
('140122', 'LIMA', 'LIMA', 'RIMAC', '150128', '0'),
('140123', 'LIMA', 'LIMA', 'SAN BARTOLO', '150129', '0'),
('140124', 'LIMA', 'LIMA', 'SAN ISIDRO', '150131', '0'),
('140125', 'LIMA', 'LIMA', 'BARRANCO', '150104', '0'),
('140126', 'LIMA', 'LIMA', 'SAN MARTIN DE PORRES', '150135', '0'),
('140127', 'LIMA', 'LIMA', 'SAN MIGUEL', '150136', '0'),
('140128', 'LIMA', 'LIMA', 'SANTA MARIA DEL MAR', '150138', '0'),
('140129', 'LIMA', 'LIMA', 'SANTA ROSA', '150139', '0'),
('140130', 'LIMA', 'LIMA', 'SANTIAGO DE SURCO', '150140', '0'),
('140131', 'LIMA', 'LIMA', 'SURQUILLO', '150141', '0'),
('140132', 'LIMA', 'LIMA', 'VILLA MARIA DEL TRIUNFO', '150143', '0'),
('140133', 'LIMA', 'LIMA', 'JESUS MARIA', '150113', '0'),
('140134', 'LIMA', 'LIMA', 'INDEPENDENCIA', '150112', '0'),
('140135', 'LIMA', 'LIMA', 'EL AGUSTINO', '150111', '0'),
('140136', 'LIMA', 'LIMA', 'SAN JUAN DE MIRAFLORES', '150133', '0'),
('140137', 'LIMA', 'LIMA', 'SAN JUAN DE LURIGANCHO', '150132', '0'),
('140138', 'LIMA', 'LIMA', 'SAN LUIS', '150134', '0'),
('140139', 'LIMA', 'LIMA', 'CIENEGUILLA', '150109', '0'),
('140140', 'LIMA', 'LIMA', 'SAN BORJA', '150130', '0'),
('140141', 'LIMA', 'LIMA', 'VILLA EL SALVADOR', '150142', '0'),
('140142', 'LIMA', 'LIMA', 'LOS OLIVOS', '150117', '0'),
('140143', 'LIMA', 'LIMA', 'SANTA ANITA', '150137', '0'),
('140201', 'LIMA', 'CAJATAMBO', 'CAJATAMBO', '150301', '0'),
('140205', 'LIMA', 'CAJATAMBO', 'COPA', '150302', '0'),
('140206', 'LIMA', 'CAJATAMBO', 'GORGOR', '150303', '0'),
('140207', 'LIMA', 'CAJATAMBO', 'HUANCAPON', '150304', '0'),
('140208', 'LIMA', 'CAJATAMBO', 'MANAS', '150305', '0'),
('140301', 'LIMA', 'CANTA', 'CANTA', '150401', '0'),
('140302', 'LIMA', 'CANTA', 'ARAHUAY', '150402', '0'),
('140303', 'LIMA', 'CANTA', 'HUAMANTANGA', '150403', '0'),
('140304', 'LIMA', 'CANTA', 'HUAROS', '150404', '0'),
('140305', 'LIMA', 'CANTA', 'LACHAQUI', '150405', '0'),
('140306', 'LIMA', 'CANTA', 'SAN BUENAVENTURA', '150406', '0'),
('140307', 'LIMA', 'CANTA', 'SANTA ROSA DE QUIVES', '150407', '0'),
('140401', 'LIMA', 'CAÑETE', 'SAN VICENTE DE CAÑETE', '150501', '0'),
('140402', 'LIMA', 'CAÑETE', 'CALANGO', '150503', '0'),
('140403', 'LIMA', 'CAÑETE', 'CERRO AZUL', '150504', '0'),
('140404', 'LIMA', 'CAÑETE', 'COAYLLO', '150506', '0'),
('140405', 'LIMA', 'CAÑETE', 'CHILCA', '150505', '0'),
('140406', 'LIMA', 'CAÑETE', 'IMPERIAL', '150507', '0'),
('140407', 'LIMA', 'CAÑETE', 'LUNAHUANA', '150508', '0'),
('140408', 'LIMA', 'CAÑETE', 'MALA', '150509', '0'),
('140409', 'LIMA', 'CAÑETE', 'NUEVO IMPERIAL', '150510', '0'),
('140410', 'LIMA', 'CAÑETE', 'PACARAN', '150511', '0'),
('140411', 'LIMA', 'CAÑETE', 'QUILMANA', '150512', '0'),
('140412', 'LIMA', 'CAÑETE', 'SAN ANTONIO', '150513', '0'),
('140413', 'LIMA', 'CAÑETE', 'SAN LUIS', '150514', '0'),
('140414', 'LIMA', 'CAÑETE', 'SANTA CRUZ DE FLORES', '150515', '0'),
('140415', 'LIMA', 'CAÑETE', 'ZUÑIGA', '150516', '0'),
('140416', 'LIMA', 'CAÑETE', 'ASIA', '150502', '0'),
('140501', 'LIMA', 'HUAURA', 'HUACHO', '150801', '0'),
('140502', 'LIMA', 'HUAURA', 'AMBAR', '150802', '0'),
('140504', 'LIMA', 'HUAURA', 'CALETA DE CARQUIN', '150803', '0'),
('140505', 'LIMA', 'HUAURA', 'CHECRAS', '150804', '0'),
('140506', 'LIMA', 'HUAURA', 'HUALMAY', '150805', '0'),
('140507', 'LIMA', 'HUAURA', 'HUAURA', '150806', '0'),
('140508', 'LIMA', 'HUAURA', 'LEONCIO PRADO', '150807', '0'),
('140509', 'LIMA', 'HUAURA', 'PACCHO', '150808', '0'),
('140511', 'LIMA', 'HUAURA', 'SANTA LEONOR', '150809', '0'),
('140512', 'LIMA', 'HUAURA', 'SANTA MARIA', '150810', '0'),
('140513', 'LIMA', 'HUAURA', 'SAYAN', '150811', '0'),
('140516', 'LIMA', 'HUAURA', 'VEGUETA', '150812', '0'),
('140601', 'LIMA', 'HUAROCHIRI', 'MATUCANA', '150701', '0'),
('140602', 'LIMA', 'HUAROCHIRI', 'ANTIOQUIA', '150702', '0'),
('140603', 'LIMA', 'HUAROCHIRI', 'CALLAHUANCA', '150703', '0'),
('140604', 'LIMA', 'HUAROCHIRI', 'CARAMPOMA', '150704', '0'),
('140605', 'LIMA', 'HUAROCHIRI', 'SAN PEDRO DE CASTA', '150724', '0'),
('140606', 'LIMA', 'HUAROCHIRI', 'CUENCA', '150706', '0'),
('140607', 'LIMA', 'HUAROCHIRI', 'CHICLA', '150705', '0'),
('140608', 'LIMA', 'HUAROCHIRI', 'HUANZA', '150708', '0'),
('140609', 'LIMA', 'HUAROCHIRI', 'HUAROCHIRI', '150709', '0'),
('140610', 'LIMA', 'HUAROCHIRI', 'LAHUAYTAMBO', '150710', '0'),
('140611', 'LIMA', 'HUAROCHIRI', 'LANGA', '150711', '0'),
('140612', 'LIMA', 'HUAROCHIRI', 'MARIATANA', '150713', '0'),
('140613', 'LIMA', 'HUAROCHIRI', 'RICARDO PALMA', '150714', '0'),
('140614', 'LIMA', 'HUAROCHIRI', 'SAN ANDRES DE TUPICOCHA', '150715', '0'),
('140615', 'LIMA', 'HUAROCHIRI', 'SAN ANTONIO', '150716', '0'),
('140616', 'LIMA', 'HUAROCHIRI', 'SAN BARTOLOME', '150717', '0'),
('140617', 'LIMA', 'HUAROCHIRI', 'SAN DAMIAN', '150718', '0'),
('140618', 'LIMA', 'HUAROCHIRI', 'SANGALLAYA', '150726', '0'),
('140619', 'LIMA', 'HUAROCHIRI', 'SAN JUAN DE TANTARANCHE', '150720', '0'),
('140620', 'LIMA', 'HUAROCHIRI', 'SAN LORENZO DE QUINTI', '150721', '0'),
('140621', 'LIMA', 'HUAROCHIRI', 'SAN MATEO', '150722', '0'),
('140622', 'LIMA', 'HUAROCHIRI', 'SAN MATEO DE OTAO', '150723', '0'),
('140623', 'LIMA', 'HUAROCHIRI', 'SAN PEDRO DE HUANCAYRE', '150725', '0'),
('140624', 'LIMA', 'HUAROCHIRI', 'SANTA CRUZ DE COCACHACRA', '150727', '0'),
('140625', 'LIMA', 'HUAROCHIRI', 'SANTA EULALIA', '150728', '0'),
('140626', 'LIMA', 'HUAROCHIRI', 'SANTIAGO DE ANCHUCAYA', '150729', '0'),
('140627', 'LIMA', 'HUAROCHIRI', 'SANTIAGO DE TUNA', '150730', '0'),
('140628', 'LIMA', 'HUAROCHIRI', 'SANTO DOMINGO DE LOS OLLEROS', '150731', '0'),
('140629', 'LIMA', 'HUAROCHIRI', 'SURCO', '150732', '0'),
('140630', 'LIMA', 'HUAROCHIRI', 'HUACHUPAMPA', '150707', '0'),
('140631', 'LIMA', 'HUAROCHIRI', 'LARAOS', '150712', '0'),
('140632', 'LIMA', 'HUAROCHIRI', 'SAN JUAN DE IRIS', '150719', '0'),
('140701', 'LIMA', 'YAUYOS', 'YAUYOS', '151001', '0'),
('140702', 'LIMA', 'YAUYOS', 'ALIS', '151002', '0'),
('140703', 'LIMA', 'YAUYOS', 'AYAUCA', '151003', '0'),
('140704', 'LIMA', 'YAUYOS', 'AYAVIRI', '151004', '0'),
('140705', 'LIMA', 'YAUYOS', 'AZANGARO', '151005', '0'),
('140706', 'LIMA', 'YAUYOS', 'CACRA', '151006', '0'),
('140707', 'LIMA', 'YAUYOS', 'CARANIA', '151007', '0'),
('140708', 'LIMA', 'YAUYOS', 'COCHAS', '151010', '0'),
('140709', 'LIMA', 'YAUYOS', 'COLONIA', '151011', '0'),
('140710', 'LIMA', 'YAUYOS', 'CHOCOS', '151009', '0'),
('140711', 'LIMA', 'YAUYOS', 'HUAMPARA', '151013', '0'),
('140712', 'LIMA', 'YAUYOS', 'HUANCAYA', '151014', '0'),
('140713', 'LIMA', 'YAUYOS', 'HUANGASCAR', '151015', '0'),
('140714', 'LIMA', 'YAUYOS', 'HUANTAN', '151016', '0'),
('140715', 'LIMA', 'YAUYOS', 'HUAÑEC', '151017', '0'),
('140716', 'LIMA', 'YAUYOS', 'LARAOS', '151018', '0'),
('140717', 'LIMA', 'YAUYOS', 'LINCHA', '151019', '0'),
('140718', 'LIMA', 'YAUYOS', 'MIRAFLORES', '151021', '0'),
('140719', 'LIMA', 'YAUYOS', 'OMAS', '151022', '0'),
('140720', 'LIMA', 'YAUYOS', 'QUINCHES', '151024', '0'),
('140721', 'LIMA', 'YAUYOS', 'QUINOCAY', '151025', '0'),
('140722', 'LIMA', 'YAUYOS', 'SAN JOAQUIN', '151026', '0'),
('140723', 'LIMA', 'YAUYOS', 'SAN PEDRO DE PILAS', '151027', '0'),
('140724', 'LIMA', 'YAUYOS', 'TANTA', '151028', '0'),
('140725', 'LIMA', 'YAUYOS', 'TAURIPAMPA', '151029', '0'),
('140726', 'LIMA', 'YAUYOS', 'TUPE', '151031', '0'),
('140727', 'LIMA', 'YAUYOS', 'TOMAS', '151030', '0'),
('140728', 'LIMA', 'YAUYOS', 'VIÑAC', '151032', '0'),
('140729', 'LIMA', 'YAUYOS', 'VITIS', '151033', '0'),
('140730', 'LIMA', 'YAUYOS', 'HONGOS', '151012', '0'),
('140731', 'LIMA', 'YAUYOS', 'MADEAN', '151020', '0'),
('140732', 'LIMA', 'YAUYOS', 'PUTINZA', '151023', '0'),
('140733', 'LIMA', 'YAUYOS', 'CATAHUASI', '151008', '0'),
('140801', 'LIMA', 'HUARAL', 'HUARAL', '150601', '0'),
('140802', 'LIMA', 'HUARAL', 'ATAVILLOS ALTO', '150602', '0'),
('140803', 'LIMA', 'HUARAL', 'ATAVILLOS BAJO', '150603', '0'),
('140804', 'LIMA', 'HUARAL', 'AUCALLAMA', '150604', '0'),
('140805', 'LIMA', 'HUARAL', 'CHANCAY', '150605', '0'),
('140806', 'LIMA', 'HUARAL', 'IHUARI', '150606', '0'),
('140807', 'LIMA', 'HUARAL', 'LAMPIAN', '150607', '0'),
('140808', 'LIMA', 'HUARAL', 'PACARAOS', '150608', '0'),
('140809', 'LIMA', 'HUARAL', 'SAN MIGUEL DE ACOS', '150609', '0'),
('140810', 'LIMA', 'HUARAL', 'VEINTISIETE DE NOVIEMBRE', '150612', '0'),
('140811', 'LIMA', 'HUARAL', 'SANTA CRUZ DE ANDAMARCA', '150610', '0'),
('140812', 'LIMA', 'HUARAL', 'SUMBILCA', '150611', '0'),
('140901', 'LIMA', 'BARRANCA', 'BARRANCA', '150201', '0'),
('140902', 'LIMA', 'BARRANCA', 'PARAMONGA', '150202', '0'),
('140903', 'LIMA', 'BARRANCA', 'PATIVILCA', '150203', '0'),
('140904', 'LIMA', 'BARRANCA', 'SUPE', '150204', '0'),
('140905', 'LIMA', 'BARRANCA', 'SUPE PUERTO', '150205', '0'),
('141001', 'LIMA', 'OYON', 'OYON', '150901', '0'),
('141002', 'LIMA', 'OYON', 'NAVAN', '150905', '0'),
('141003', 'LIMA', 'OYON', 'CAUJUL', '150903', '0'),
('141004', 'LIMA', 'OYON', 'ANDAJES', '150902', '0'),
('141005', 'LIMA', 'OYON', 'PACHANGARA', '150906', '0'),
('141006', 'LIMA', 'OYON', 'COCHAMARCA', '150904', '0'),
('150101', 'LORETO', 'MAYNAS', 'IQUITOS', '160101', '0'),
('150102', 'LORETO', 'MAYNAS', 'ALTO NANAY', '160102', '0'),
('150103', 'LORETO', 'MAYNAS', 'FERNANDO LORES', '160103', '0'),
('150104', 'LORETO', 'MAYNAS', 'LAS AMAZONAS', '160105', '0'),
('150105', 'LORETO', 'MAYNAS', 'MAZAN', '160106', '0'),
('150106', 'LORETO', 'MAYNAS', 'NAPO', '160107', '0'),
('150107', 'LORETO', 'MAYNAS', 'PUTUMAYO', '160109', '0'),
('150108', 'LORETO', 'MAYNAS', 'TORRES CAUSANA', '160110', '0'),
('150110', 'LORETO', 'MAYNAS', 'INDIANA', '160104', '0'),
('150111', 'LORETO', 'MAYNAS', 'PUNCHANA', '160108', '0'),
('150112', 'LORETO', 'MAYNAS', 'BELEN', '160112', '0'),
('150113', 'LORETO', 'MAYNAS', 'SAN JUAN BAUTISTA', '160113', '0'),
('150114', 'LORETO', 'MAYNAS', 'TNTE MANUEL CLAVERO', '160114', '0'),
('150201', 'LORETO', 'ALTO AMAZONAS', 'YURIMAGUAS', '160201', '0'),
('150202', 'LORETO', 'ALTO AMAZONAS', 'BALSA PUERTO', '160202', '0'),
('150205', 'LORETO', 'ALTO AMAZONAS', 'JEBEROS', '160205', '0'),
('150206', 'LORETO', 'ALTO AMAZONAS', 'LAGUNAS', '160206', '0'),
('150210', 'LORETO', 'ALTO AMAZONAS', 'SANTA CRUZ', '160210', '0'),
('150211', 'LORETO', 'ALTO AMAZONAS', 'TENIENTE CESAR LOPEZ ROJAS', '160211', '0'),
('150301', 'LORETO', 'LORETO', 'NAUTA', '160301', '0'),
('150302', 'LORETO', 'LORETO', 'PARINARI', '160302', '0'),
('150303', 'LORETO', 'LORETO', 'TIGRE', '160303', '0'),
('150304', 'LORETO', 'LORETO', 'URARINAS', '160305', '0'),
('150305', 'LORETO', 'LORETO', 'TROMPETEROS', '160304', '0'),
('150401', 'LORETO', 'REQUENA', 'REQUENA', '160501', '0'),
('150402', 'LORETO', 'REQUENA', 'ALTO TAPICHE', '160502', '0'),
('150403', 'LORETO', 'REQUENA', 'CAPELO', '160503', '0'),
('150404', 'LORETO', 'REQUENA', 'EMILIO SAN MARTIN', '160504', '0'),
('150405', 'LORETO', 'REQUENA', 'MAQUIA', '160505', '0'),
('150406', 'LORETO', 'REQUENA', 'PUINAHUA', '160506', '0'),
('150407', 'LORETO', 'REQUENA', 'SAQUENA', '160507', '0'),
('150408', 'LORETO', 'REQUENA', 'SOPLIN', '160508', '0'),
('150409', 'LORETO', 'REQUENA', 'TAPICHE', '160509', '0'),
('150410', 'LORETO', 'REQUENA', 'JENARO HERRERA', '160510', '0'),
('150411', 'LORETO', 'REQUENA', 'YAQUERANA', '160511', '0'),
('150501', 'LORETO', 'UCAYALI', 'CONTAMANA', '160601', '0'),
('150502', 'LORETO', 'UCAYALI', 'VARGAS GUERRA', '160606', '0'),
('150503', 'LORETO', 'UCAYALI', 'PADRE MARQUEZ', '160603', '0'),
('150504', 'LORETO', 'UCAYALI', 'PAMPA HERMOSA', '160604', '0'),
('150505', 'LORETO', 'UCAYALI', 'SARAYACU', '160605', '0'),
('150506', 'LORETO', 'UCAYALI', 'INAHUAYA', '160602', '0'),
('150601', 'LORETO', 'MARISCAL RAMON CASTILLA', 'RAMON CASTILLA', '160401', '0'),
('150602', 'LORETO', 'MARISCAL RAMON CASTILLA', 'PEBAS', '160402', '0'),
('150603', 'LORETO', 'MARISCAL RAMON CASTILLA', 'YAVARI', '160403', '0'),
('150604', 'LORETO', 'MARISCAL RAMON CASTILLA', 'SAN PABLO', '160404', '0'),
('150701', 'LORETO', 'DATEM DEL MARAÑON', 'BARRANCA', '160701', '0'),
('150702', 'LORETO', 'DATEM DEL MARAÑON', 'ANDOAS', '160706', '0'),
('150703', 'LORETO', 'DATEM DEL MARAÑON', 'CAHUAPANAS', '160702', '0'),
('150704', 'LORETO', 'DATEM DEL MARAÑON', 'MANSERICHE', '160703', '0'),
('150705', 'LORETO', 'DATEM DEL MARAÑON', 'MORONA', '160704', '0'),
('150706', 'LORETO', 'DATEM DEL MARAÑON', 'PASTAZA', '160705', '0'),
('160101', 'MADRE DE DIOS', 'TAMBOPATA', 'TAMBOPATA', '170101', '0'),
('160102', 'MADRE DE DIOS', 'TAMBOPATA', 'INAMBARI', '170102', '0'),
('160103', 'MADRE DE DIOS', 'TAMBOPATA', 'LAS PIEDRAS', '170103', '0'),
('160104', 'MADRE DE DIOS', 'TAMBOPATA', 'LABERINTO', '170104', '0'),
('160201', 'MADRE DE DIOS', 'MANU', 'MANU', '170201', '0'),
('160202', 'MADRE DE DIOS', 'MANU', 'FITZCARRALD', '170202', '0'),
('160203', 'MADRE DE DIOS', 'MANU', 'MADRE DE DIOS', '170203', '0'),
('160204', 'MADRE DE DIOS', 'MANU', 'HUEPETUHE', '170204', '0'),
('160301', 'MADRE DE DIOS', 'TAHUAMANU', 'IÑAPARI', '170301', '0'),
('160302', 'MADRE DE DIOS', 'TAHUAMANU', 'IBERIA', '170302', '0'),
('160303', 'MADRE DE DIOS', 'TAHUAMANU', 'TAHUAMANU', '170303', '0'),
('170101', 'MOQUEGUA', 'MARISCAL NIETO', 'MOQUEGUA', '180101', '0'),
('170102', 'MOQUEGUA', 'MARISCAL NIETO', 'CARUMAS', '180102', '0'),
('170103', 'MOQUEGUA', 'MARISCAL NIETO', 'CUCHUMBAYA', '180103', '0'),
('170104', 'MOQUEGUA', 'MARISCAL NIETO', 'SAN CRISTOBAL', '180105', '0'),
('170105', 'MOQUEGUA', 'MARISCAL NIETO', 'TORATA', '180106', '0'),
('170106', 'MOQUEGUA', 'MARISCAL NIETO', 'SAMEGUA', '180104', '0'),
('170201', 'MOQUEGUA', 'GENERAL SANCHEZ CERRO', 'OMATE', '180201', '0'),
('170202', 'MOQUEGUA', 'GENERAL SANCHEZ CERRO', 'COALAQUE', '180203', '0'),
('170203', 'MOQUEGUA', 'GENERAL SANCHEZ CERRO', 'CHOJATA', '180202', '0'),
('170204', 'MOQUEGUA', 'GENERAL SANCHEZ CERRO', 'ICHUÑA', '180204', '0'),
('170205', 'MOQUEGUA', 'GENERAL SANCHEZ CERRO', 'LA CAPILLA', '180205', '0'),
('170206', 'MOQUEGUA', 'GENERAL SANCHEZ CERRO', 'LLOQUE', '180206', '0'),
('170207', 'MOQUEGUA', 'GENERAL SANCHEZ CERRO', 'MATALAQUE', '180207', '0'),
('170208', 'MOQUEGUA', 'GENERAL SANCHEZ CERRO', 'PUQUINA', '180208', '0'),
('170209', 'MOQUEGUA', 'GENERAL SANCHEZ CERRO', 'QUINISTAQUILLAS', '180209', '0'),
('170210', 'MOQUEGUA', 'GENERAL SANCHEZ CERRO', 'UBINAS', '180210', '0'),
('170211', 'MOQUEGUA', 'GENERAL SANCHEZ CERRO', 'YUNGA', '180211', '0'),
('170301', 'MOQUEGUA', 'ILO', 'ILO', '180301', '0'),
('170302', 'MOQUEGUA', 'ILO', 'EL ALGARROBAL', '180302', '0'),
('170303', 'MOQUEGUA', 'ILO', 'PACOCHA', '180303', '0'),
('180101', 'PASCO', 'PASCO', 'CHAUPIMARCA', '190101', '0'),
('180103', 'PASCO', 'PASCO', 'HUACHON', '190102', '0'),
('180104', 'PASCO', 'PASCO', 'HUARIACA', '190103', '0'),
('180105', 'PASCO', 'PASCO', 'HUAYLLAY', '190104', '0'),
('180106', 'PASCO', 'PASCO', 'NINACACA', '190105', '0'),
('180107', 'PASCO', 'PASCO', 'PALLANCHACRA', '190106', '0'),
('180108', 'PASCO', 'PASCO', 'PAUCARTAMBO', '190107', '0'),
('180109', 'PASCO', 'PASCO', 'SAN FRANCISCO DE ASIS DE YARUS', '190108', '0'),
('180110', 'PASCO', 'PASCO', 'SIMON BOLIVAR', '190109', '0'),
('180111', 'PASCO', 'PASCO', 'TICLACAYAN', '190110', '0'),
('180112', 'PASCO', 'PASCO', 'TINYAHUARCO', '190111', '0'),
('180113', 'PASCO', 'PASCO', 'VICCO', '190112', '0'),
('180114', 'PASCO', 'PASCO', 'YANACANCHA', '190113', '0'),
('180201', 'PASCO', 'DANIEL ALCIDES CARRION', 'YANAHUANCA', '190201', '0'),
('180202', 'PASCO', 'DANIEL ALCIDES CARRION', 'CHACAYAN', '190202', '0'),
('180203', 'PASCO', 'DANIEL ALCIDES CARRION', 'GOYLLARISQUIZGA', '190203', '0'),
('180204', 'PASCO', 'DANIEL ALCIDES CARRION', 'PAUCAR', '190204', '0'),
('180205', 'PASCO', 'DANIEL ALCIDES CARRION', 'SAN PEDRO DE PILLAO', '190205', '0'),
('180206', 'PASCO', 'DANIEL ALCIDES CARRION', 'SANTA ANA DE TUSI', '190206', '0'),
('180207', 'PASCO', 'DANIEL ALCIDES CARRION', 'TAPUC', '190207', '0'),
('180208', 'PASCO', 'DANIEL ALCIDES CARRION', 'VILCABAMBA', '190208', '0'),
('180301', 'PASCO', 'OXAPAMPA', 'OXAPAMPA', '190301', '0'),
('180302', 'PASCO', 'OXAPAMPA', 'CHONTABAMBA', '190302', '0'),
('180303', 'PASCO', 'OXAPAMPA', 'HUANCABAMBA', '190303', '0'),
('180304', 'PASCO', 'OXAPAMPA', 'PUERTO BERMUDEZ', '190306', '0'),
('180305', 'PASCO', 'OXAPAMPA', 'VILLA RICA', '190307', '0'),
('180306', 'PASCO', 'OXAPAMPA', 'POZUZO', '190305', '0'),
('180307', 'PASCO', 'OXAPAMPA', 'PALCAZU', '190304', '0'),
('190101', 'PIURA', 'PIURA', 'PIURA', '200101', '0'),
('190103', 'PIURA', 'PIURA', 'CASTILLA', '200104', '0'),
('190104', 'PIURA', 'PIURA', 'CATACAOS', '200105', '0'),
('190105', 'PIURA', 'PIURA', 'LA ARENA', '200109', '0'),
('190106', 'PIURA', 'PIURA', 'LA UNION', '200110', '0'),
('190107', 'PIURA', 'PIURA', 'LAS LOMAS', '200111', '0'),
('190109', 'PIURA', 'PIURA', 'TAMBO GRANDE', '200114', '0'),
('190113', 'PIURA', 'PIURA', 'CURA MORI', '200107', '0'),
('190114', 'PIURA', 'PIURA', 'EL TALLAN', '200108', '0'),
('190201', 'PIURA', 'AYABACA', 'AYABACA', '200201', '1'),
('190202', 'PIURA', 'AYABACA', 'FRIAS', '200202', '1'),
('190203', 'PIURA', 'AYABACA', 'LAGUNAS', '200204', '1'),
('190204', 'PIURA', 'AYABACA', 'MONTERO', '200205', '1'),
('190205', 'PIURA', 'AYABACA', 'PACAIPAMPA', '200206', '1'),
('190206', 'PIURA', 'AYABACA', 'SAPILLICA', '200208', '1'),
('190207', 'PIURA', 'AYABACA', 'SICCHEZ', '200209', '1'),
('190208', 'PIURA', 'AYABACA', 'SUYO', '200210', '1'),
('190209', 'PIURA', 'AYABACA', 'JILILI', '200203', '1'),
('190210', 'PIURA', 'AYABACA', 'PAIMAS', '200207', '1'),
('190301', 'PIURA', 'HUANCABAMBA', 'HUANCABAMBA', '200301', '1'),
('190302', 'PIURA', 'HUANCABAMBA', 'CANCHAQUE', '200302', '1'),
('190303', 'PIURA', 'HUANCABAMBA', 'HUARMACA', '200304', '1'),
('190304', 'PIURA', 'HUANCABAMBA', 'SONDOR', '200307', '1'),
('190305', 'PIURA', 'HUANCABAMBA', 'SONDORILLO', '200308', '1'),
('190306', 'PIURA', 'HUANCABAMBA', 'EL CARMEN DE LA FRONTERA', '200303', '1'),
('190307', 'PIURA', 'HUANCABAMBA', 'SAN MIGUEL DE EL FAIQUE', '200306', '1'),
('190308', 'PIURA', 'HUANCABAMBA', 'LALAQUIZ', '200305', '1'),
('190401', 'PIURA', 'MORROPON', 'CHULUCANAS', '200401', '1'),
('190402', 'PIURA', 'MORROPON', 'BUENOS AIRES', '200402', '1'),
('190403', 'PIURA', 'MORROPON', 'CHALACO', '200403', '1'),
('190404', 'PIURA', 'MORROPON', 'MORROPON', '200405', '1'),
('190405', 'PIURA', 'MORROPON', 'SALITRAL', '200406', '1'),
('190406', 'PIURA', 'MORROPON', 'SANTA CATALINA DE MOSSA', '200408', '1'),
('190407', 'PIURA', 'MORROPON', 'SANTO DOMINGO', '200409', '1'),
('190408', 'PIURA', 'MORROPON', 'LA MATANZA', '200404', '1'),
('190409', 'PIURA', 'MORROPON', 'YAMANGO', '200410', '1'),
('190410', 'PIURA', 'MORROPON', 'SAN JUAN DE BIGOTE', '200407', '1'),
('190501', 'PIURA', 'PAITA', 'PAITA', '200501', '1'),
('190502', 'PIURA', 'PAITA', 'AMOTAPE', '200502', '1'),
('190503', 'PIURA', 'PAITA', 'ARENAL', '200503', '1'),
('190504', 'PIURA', 'PAITA', 'LA HUACA', '200505', '1'),
('190505', 'PIURA', 'PAITA', 'COLAN', '200504', '1'),
('190506', 'PIURA', 'PAITA', 'TAMARINDO', '200506', '1'),
('190507', 'PIURA', 'PAITA', 'VICHAYAL', '200507', '1'),
('190601', 'PIURA', 'SULLANA', 'SULLANA', '200601', '1'),
('190602', 'PIURA', 'SULLANA', 'BELLAVISTA', '200602', '1'),
('190603', 'PIURA', 'SULLANA', 'LANCONES', '200604', '1'),
('190604', 'PIURA', 'SULLANA', 'MARCAVELICA', '200605', '1'),
('190605', 'PIURA', 'SULLANA', 'MIGUEL CHECA', '200606', '1'),
('190606', 'PIURA', 'SULLANA', 'QUERECOTILLO', '200607', '1'),
('190607', 'PIURA', 'SULLANA', 'SALITRAL', '200608', '1'),
('190608', 'PIURA', 'SULLANA', 'IGNACIO ESCUDERO', '200603', '1'),
('190701', 'PIURA', 'TALARA', 'PARIÑAS', '200701', '1'),
('190702', 'PIURA', 'TALARA', 'EL ALTO', '200702', '1'),
('190703', 'PIURA', 'TALARA', 'LA BREA', '200703', '1'),
('190704', 'PIURA', 'TALARA', 'LOBITOS', '200704', '1'),
('190705', 'PIURA', 'TALARA', 'MANCORA', '200706', '1'),
('190706', 'PIURA', 'TALARA', 'LOS ORGANOS', '200705', '1'),
('190801', 'PIURA', 'SECHURA', 'SECHURA', '200801', '1'),
('190802', 'PIURA', 'SECHURA', 'VICE', '200805', '1'),
('190803', 'PIURA', 'SECHURA', 'BERNAL', '200803', '1'),
('190804', 'PIURA', 'SECHURA', 'BELLAVISTA DE LA UNION', '200802', '1'),
('190805', 'PIURA', 'SECHURA', 'CRISTO NOS VALGA', '200804', '1'),
('190806', 'PIURA', 'SECHURA', 'RINCONADA-LLICUAR', '200806', '1'),
('200101', 'PUNO', 'PUNO', 'PUNO', '210101', '0'),
('200102', 'PUNO', 'PUNO', 'ACORA', '210102', '0'),
('200103', 'PUNO', 'PUNO', 'ATUNCOLLA', '210104', '0'),
('200104', 'PUNO', 'PUNO', 'CAPACHICA', '210105', '0'),
('200105', 'PUNO', 'PUNO', 'COATA', '210107', '0'),
('200106', 'PUNO', 'PUNO', 'CHUCUITO', '210106', '0'),
('200107', 'PUNO', 'PUNO', 'HUATA', '210108', '0'),
('200108', 'PUNO', 'PUNO', 'MAÑAZO', '210109', '0'),
('200109', 'PUNO', 'PUNO', 'PAUCARCOLLA', '210110', '0'),
('200110', 'PUNO', 'PUNO', 'PICHACANI', '210111', '0'),
('200111', 'PUNO', 'PUNO', 'SAN ANTONIO', '210113', '0'),
('200112', 'PUNO', 'PUNO', 'TIQUILLACA', '210114', '0'),
('200113', 'PUNO', 'PUNO', 'VILQUE', '210115', '0'),
('200114', 'PUNO', 'PUNO', 'PLATERIA', '210112', '0'),
('200115', 'PUNO', 'PUNO', 'AMANTANI', '210103', '0'),
('200201', 'PUNO', 'AZANGARO', 'AZANGARO', '210201', '1'),
('200202', 'PUNO', 'AZANGARO', 'ACHAYA', '210202', '1'),
('200203', 'PUNO', 'AZANGARO', 'ARAPA', '210203', '1'),
('200204', 'PUNO', 'AZANGARO', 'ASILLO', '210204', '1'),
('200205', 'PUNO', 'AZANGARO', 'CAMINACA', '210205', '1'),
('200206', 'PUNO', 'AZANGARO', 'CHUPA', '210206', '1'),
('200207', 'PUNO', 'AZANGARO', 'JOSE DOMINGO CHOQUEHUANCA', '210207', '1'),
('200208', 'PUNO', 'AZANGARO', 'MUÑANI', '210208', '1'),
('200210', 'PUNO', 'AZANGARO', 'POTONI', '210209', '1'),
('200212', 'PUNO', 'AZANGARO', 'SAMAN', '210210', '1'),
('200213', 'PUNO', 'AZANGARO', 'SAN ANTON', '210211', '1'),
('200214', 'PUNO', 'AZANGARO', 'SAN JOSE', '210212', '1'),
('200215', 'PUNO', 'AZANGARO', 'SAN JUAN DE SALINAS', '210213', '1'),
('200216', 'PUNO', 'AZANGARO', 'SANTIAGO DE PUPUJA', '210214', '1'),
('200217', 'PUNO', 'AZANGARO', 'TIRAPATA', '210215', '1'),
('200301', 'PUNO', 'CARABAYA', 'MACUSANI', '210301', '1'),
('200302', 'PUNO', 'CARABAYA', 'AJOYANI', '210302', '1'),
('200303', 'PUNO', 'CARABAYA', 'AYAPATA', '210303', '1'),
('200304', 'PUNO', 'CARABAYA', 'COASA', '210304', '1'),
('200305', 'PUNO', 'CARABAYA', 'CORANI', '210305', '1'),
('200306', 'PUNO', 'CARABAYA', 'CRUCERO', '210306', '1'),
('200307', 'PUNO', 'CARABAYA', 'ITUATA', '210307', '1'),
('200308', 'PUNO', 'CARABAYA', 'OLLACHEA', '210308', '1'),
('200309', 'PUNO', 'CARABAYA', 'SAN GABAN', '210309', '1'),
('200310', 'PUNO', 'CARABAYA', 'USICAYOS', '210310', '1'),
('200401', 'PUNO', 'CHUCUITO', 'JULI', '210401', '1');
INSERT INTO `ubigeo` (`ubigeo1`, `dpto`, `prov`, `distrito`, `ubigeo2`, `orden`) VALUES
('200402', 'PUNO', 'CHUCUITO', 'DESAGUADERO', '210402', '1'),
('200403', 'PUNO', 'CHUCUITO', 'HUACULLANI', '210403', '1'),
('200406', 'PUNO', 'CHUCUITO', 'PISACOMA', '210405', '1'),
('200407', 'PUNO', 'CHUCUITO', 'POMATA', '210406', '1'),
('200410', 'PUNO', 'CHUCUITO', 'ZEPITA', '210407', '1'),
('200412', 'PUNO', 'CHUCUITO', 'KELLUYO', '210404', '1'),
('200501', 'PUNO', 'HUANCANE', 'HUANCANE', '210601', '1'),
('200502', 'PUNO', 'HUANCANE', 'COJATA', '210602', '1'),
('200504', 'PUNO', 'HUANCANE', 'INCHUPALLA', '210604', '1'),
('200506', 'PUNO', 'HUANCANE', 'PUSI', '210605', '1'),
('200507', 'PUNO', 'HUANCANE', 'ROSASPATA', '210606', '1'),
('200508', 'PUNO', 'HUANCANE', 'TARACO', '210607', '1'),
('200509', 'PUNO', 'HUANCANE', 'VILQUE CHICO', '210608', '1'),
('200511', 'PUNO', 'HUANCANE', 'HUATASANI', '210603', '1'),
('200601', 'PUNO', 'LAMPA', 'LAMPA', '210701', '1'),
('200602', 'PUNO', 'LAMPA', 'CABANILLA', '210702', '1'),
('200603', 'PUNO', 'LAMPA', 'CALAPUJA', '210703', '1'),
('200604', 'PUNO', 'LAMPA', 'NICASIO', '210704', '1'),
('200605', 'PUNO', 'LAMPA', 'OCUVIRI', '210705', '1'),
('200606', 'PUNO', 'LAMPA', 'PALCA', '210706', '1'),
('200607', 'PUNO', 'LAMPA', 'PARATIA', '210707', '1'),
('200608', 'PUNO', 'LAMPA', 'PUCARA', '210708', '1'),
('200609', 'PUNO', 'LAMPA', 'SANTA LUCIA', '210709', '1'),
('200610', 'PUNO', 'LAMPA', 'VILAVILA', '210710', '1'),
('200701', 'PUNO', 'MELGAR', 'AYAVIRI', '210801', '1'),
('200702', 'PUNO', 'MELGAR', 'ANTAUTA', '210802', '1'),
('200703', 'PUNO', 'MELGAR', 'CUPI', '210803', '1'),
('200704', 'PUNO', 'MELGAR', 'LLALLI', '210804', '1'),
('200705', 'PUNO', 'MELGAR', 'MACARI', '210805', '1'),
('200706', 'PUNO', 'MELGAR', 'NUÑOA', '210806', '1'),
('200707', 'PUNO', 'MELGAR', 'ORURILLO', '210807', '1'),
('200708', 'PUNO', 'MELGAR', 'SANTA ROSA', '210808', '1'),
('200709', 'PUNO', 'MELGAR', 'UMACHIRI', '210809', '1'),
('200801', 'PUNO', 'SANDIA', 'SANDIA', '211201', '1'),
('200803', 'PUNO', 'SANDIA', 'CUYOCUYO', '211202', '1'),
('200804', 'PUNO', 'SANDIA', 'LIMBANI', '211203', '1'),
('200805', 'PUNO', 'SANDIA', 'PHARA', '211205', '1'),
('200806', 'PUNO', 'SANDIA', 'PATAMBUCO', '211204', '1'),
('200807', 'PUNO', 'SANDIA', 'QUIACA', '211206', '1'),
('200808', 'PUNO', 'SANDIA', 'SAN JUAN DEL ORO', '211207', '1'),
('200810', 'PUNO', 'SANDIA', 'YANAHUAYA', '211208', '1'),
('200811', 'PUNO', 'SANDIA', 'ALTO INAMBARI', '211209', '1'),
('200812', 'PUNO', 'SANDIA', 'SAN PEDRO DE PUTINA PUNCO', '211210', '1'),
('200901', 'PUNO', 'SAN ROMAN', 'JULIACA', '211101', '1'),
('200902', 'PUNO', 'SAN ROMAN', 'CABANA', '211102', '1'),
('200903', 'PUNO', 'SAN ROMAN', 'CABANILLAS', '211103', '1'),
('200904', 'PUNO', 'SAN ROMAN', 'CARACOTO', '211104', '1'),
('201001', 'PUNO', 'YUNGUYO', 'YUNGUYO', '211301', '1'),
('201002', 'PUNO', 'YUNGUYO', 'UNICACHI', '211307', '1'),
('201003', 'PUNO', 'YUNGUYO', 'ANAPIA', '211302', '1'),
('201004', 'PUNO', 'YUNGUYO', 'COPANI', '211303', '1'),
('201005', 'PUNO', 'YUNGUYO', 'CUTURAPI', '211304', '1'),
('201006', 'PUNO', 'YUNGUYO', 'OLLARAYA', '211305', '1'),
('201007', 'PUNO', 'YUNGUYO', 'TINICACHI', '211306', '1'),
('201101', 'PUNO', 'SAN ANTONIO DE PUTINA', 'PUTINA', '211001', '1'),
('201102', 'PUNO', 'SAN ANTONIO DE PUTINA', 'PEDRO VILCA APAZA', '211003', '1'),
('201103', 'PUNO', 'SAN ANTONIO DE PUTINA', 'QUILCAPUNCU', '211004', '1'),
('201104', 'PUNO', 'SAN ANTONIO DE PUTINA', 'ANANEA', '211002', '1'),
('201105', 'PUNO', 'SAN ANTONIO DE PUTINA', 'SINA', '211005', '1'),
('201201', 'PUNO', 'EL COLLAO', 'ILAVE', '210501', '1'),
('201202', 'PUNO', 'EL COLLAO', 'PILCUYO', '210503', '1'),
('201203', 'PUNO', 'EL COLLAO', 'SANTA ROSA', '210504', '1'),
('201204', 'PUNO', 'EL COLLAO', 'CAPASO', '210502', '1'),
('201205', 'PUNO', 'EL COLLAO', 'CONDURIRI', '210505', '1'),
('201301', 'PUNO', 'MOHO', 'MOHO', '210901', '1'),
('201302', 'PUNO', 'MOHO', 'CONIMA', '210902', '1'),
('201303', 'PUNO', 'MOHO', 'TILALI', '210904', '1'),
('201304', 'PUNO', 'MOHO', 'HUAYRAPATA', '210903', '1'),
('210101', 'SAN MARTIN', 'MOYOBAMBA', 'MOYOBAMBA', '220101', '0'),
('210102', 'SAN MARTIN', 'MOYOBAMBA', 'CALZADA', '220102', '0'),
('210103', 'SAN MARTIN', 'MOYOBAMBA', 'HABANA', '220103', '0'),
('210104', 'SAN MARTIN', 'MOYOBAMBA', 'JEPELACIO', '220104', '0'),
('210105', 'SAN MARTIN', 'MOYOBAMBA', 'SORITOR', '220105', '0'),
('210106', 'SAN MARTIN', 'MOYOBAMBA', 'YANTALO', '220106', '0'),
('210201', 'SAN MARTIN', 'HUALLAGA', 'SAPOSOA', '220401', '0'),
('210202', 'SAN MARTIN', 'HUALLAGA', 'PISCOYACU', '220404', '0'),
('210203', 'SAN MARTIN', 'HUALLAGA', 'SACANCHE', '220405', '0'),
('210204', 'SAN MARTIN', 'HUALLAGA', 'TINGO DE SAPOSOA', '220406', '0'),
('210205', 'SAN MARTIN', 'HUALLAGA', 'ALTO SAPOSOA', '220402', '0'),
('210206', 'SAN MARTIN', 'HUALLAGA', 'EL ESLABON', '220403', '0'),
('210301', 'SAN MARTIN', 'LAMAS', 'LAMAS', '220501', '0'),
('210303', 'SAN MARTIN', 'LAMAS', 'BARRANQUITA', '220503', '0'),
('210304', 'SAN MARTIN', 'LAMAS', 'CAYNARACHI', '220504', '0'),
('210305', 'SAN MARTIN', 'LAMAS', 'CUÑUMBUQUI', '220505', '0'),
('210306', 'SAN MARTIN', 'LAMAS', 'PINTO RECODO', '220506', '0'),
('210307', 'SAN MARTIN', 'LAMAS', 'RUMISAPA', '220507', '0'),
('210311', 'SAN MARTIN', 'LAMAS', 'SHANAO', '220509', '0'),
('210313', 'SAN MARTIN', 'LAMAS', 'TABALOSOS', '220510', '0'),
('210314', 'SAN MARTIN', 'LAMAS', 'ZAPATERO', '220511', '0'),
('210315', 'SAN MARTIN', 'LAMAS', 'ALONSO DE ALVARADO', '220502', '0'),
('210316', 'SAN MARTIN', 'LAMAS', 'SAN ROQUE DE CUMBAZA', '220508', '0'),
('210401', 'SAN MARTIN', 'MARISCAL CACERES', 'JUANJUI', '220601', '0'),
('210402', 'SAN MARTIN', 'MARISCAL CACERES', 'CAMPANILLA', '220602', '0'),
('210403', 'SAN MARTIN', 'MARISCAL CACERES', 'HUICUNGO', '220603', '0'),
('210404', 'SAN MARTIN', 'MARISCAL CACERES', 'PACHIZA', '220604', '0'),
('210405', 'SAN MARTIN', 'MARISCAL CACERES', 'PAJARILLO', '220605', '0'),
('210501', 'SAN MARTIN', 'RIOJA', 'RIOJA', '220801', '0'),
('210502', 'SAN MARTIN', 'RIOJA', 'POSIC', '220806', '0'),
('210503', 'SAN MARTIN', 'RIOJA', 'YORONGOS', '220808', '0'),
('210504', 'SAN MARTIN', 'RIOJA', 'YURACYACU', '220809', '0'),
('210505', 'SAN MARTIN', 'RIOJA', 'NUEVA CAJAMARCA', '220804', '0'),
('210506', 'SAN MARTIN', 'RIOJA', 'ELIAS SOPLIN', '220803', '0'),
('210507', 'SAN MARTIN', 'RIOJA', 'SAN FERNANDO', '220807', '0'),
('210508', 'SAN MARTIN', 'RIOJA', 'PARDO MIGUEL', '220805', '0'),
('210509', 'SAN MARTIN', 'RIOJA', 'AWAJUN', '220802', '0'),
('210601', 'SAN MARTIN', 'SAN MARTIN', 'TARAPOTO', '220901', '0'),
('210602', 'SAN MARTIN', 'SAN MARTIN', 'ALBERTO LEVEAU', '220902', '0'),
('210604', 'SAN MARTIN', 'SAN MARTIN', 'CACATACHI', '220903', '0'),
('210606', 'SAN MARTIN', 'SAN MARTIN', 'CHAZUTA', '220904', '0'),
('210607', 'SAN MARTIN', 'SAN MARTIN', 'CHIPURANA', '220905', '0'),
('210608', 'SAN MARTIN', 'SAN MARTIN', 'EL PORVENIR', '220906', '0'),
('210609', 'SAN MARTIN', 'SAN MARTIN', 'HUIMBAYOC', '220907', '0'),
('210610', 'SAN MARTIN', 'SAN MARTIN', 'JUAN GUERRA', '220908', '0'),
('210611', 'SAN MARTIN', 'SAN MARTIN', 'MORALES', '220910', '0'),
('210612', 'SAN MARTIN', 'SAN MARTIN', 'PAPA-PLAYA', '220911', '0'),
('210616', 'SAN MARTIN', 'SAN MARTIN', 'SAN ANTONIO', '220912', '0'),
('210619', 'SAN MARTIN', 'SAN MARTIN', 'SAUCE', '220913', '0'),
('210620', 'SAN MARTIN', 'SAN MARTIN', 'SHAPAJA', '220914', '0'),
('210621', 'SAN MARTIN', 'SAN MARTIN', 'LA BANDA DE SHILCAYO', '220909', '0'),
('210701', 'SAN MARTIN', 'BELLAVISTA', 'BELLAVISTA', '220201', '0'),
('210702', 'SAN MARTIN', 'BELLAVISTA', 'SAN RAFAEL', '220206', '0'),
('210703', 'SAN MARTIN', 'BELLAVISTA', 'SAN PABLO', '220205', '0'),
('210704', 'SAN MARTIN', 'BELLAVISTA', 'ALTO BIAVO', '220202', '0'),
('210705', 'SAN MARTIN', 'BELLAVISTA', 'HUALLAGA', '220204', '0'),
('210706', 'SAN MARTIN', 'BELLAVISTA', 'BAJO BIAVO', '220203', '0'),
('210801', 'SAN MARTIN', 'TOCACHE', 'TOCACHE', '221001', '0'),
('210802', 'SAN MARTIN', 'TOCACHE', 'NUEVO PROGRESO', '221002', '0'),
('210803', 'SAN MARTIN', 'TOCACHE', 'POLVORA', '221003', '0'),
('210804', 'SAN MARTIN', 'TOCACHE', 'SHUNTE', '221004', '0'),
('210805', 'SAN MARTIN', 'TOCACHE', 'UCHIZA', '221005', '0'),
('210901', 'SAN MARTIN', 'PICOTA', 'PICOTA', '220701', '0'),
('210902', 'SAN MARTIN', 'PICOTA', 'BUENOS AIRES', '220702', '0'),
('210903', 'SAN MARTIN', 'PICOTA', 'CASPIZAPA', '220703', '0'),
('210904', 'SAN MARTIN', 'PICOTA', 'PILLUANA', '220704', '0'),
('210905', 'SAN MARTIN', 'PICOTA', 'PUCACACA', '220705', '0'),
('210906', 'SAN MARTIN', 'PICOTA', 'SAN CRISTOBAL', '220706', '0'),
('210907', 'SAN MARTIN', 'PICOTA', 'SAN HILARION', '220707', '0'),
('210908', 'SAN MARTIN', 'PICOTA', 'TINGO DE PONASA', '220709', '0'),
('210909', 'SAN MARTIN', 'PICOTA', 'TRES UNIDOS', '220710', '0'),
('210910', 'SAN MARTIN', 'PICOTA', 'SHAMBOYACU', '220708', '0'),
('211001', 'SAN MARTIN', 'EL DORADO', 'SAN JOSE DE SISA', '220301', '0'),
('211002', 'SAN MARTIN', 'EL DORADO', 'AGUA BLANCA', '220302', '0'),
('211003', 'SAN MARTIN', 'EL DORADO', 'SHATOJA', '220305', '0'),
('211004', 'SAN MARTIN', 'EL DORADO', 'SAN MARTIN', '220303', '0'),
('211005', 'SAN MARTIN', 'EL DORADO', 'SANTA ROSA', '220304', '0'),
('220101', 'TACNA', 'TACNA', 'TACNA', '230101', '0'),
('220102', 'TACNA', 'TACNA', 'CALANA', '230103', '0'),
('220104', 'TACNA', 'TACNA', 'INCLAN', '230105', '0'),
('220107', 'TACNA', 'TACNA', 'PACHIA', '230106', '0'),
('220108', 'TACNA', 'TACNA', 'PALCA', '230107', '0'),
('220109', 'TACNA', 'TACNA', 'POCOLLAY', '230108', '0'),
('220110', 'TACNA', 'TACNA', 'SAMA', '230109', '0'),
('220111', 'TACNA', 'TACNA', 'ALTO DE LA ALIANZA', '230102', '0'),
('220112', 'TACNA', 'TACNA', 'CIUDAD NUEVA', '230104', '0'),
('220113', 'TACNA', 'TACNA', 'CORONEL GREGORIO ALBARRACIN LA', '230110', '0'),
('220201', 'TACNA', 'TARATA', 'TARATA', '230401', '1'),
('220205', 'TACNA', 'TARATA', 'HEROES ALBARRACIN', '230402', '1'),
('220206', 'TACNA', 'TARATA', 'ESTIQUE', '230403', '1'),
('220207', 'TACNA', 'TARATA', 'ESTIQUE PAMPA', '230404', '1'),
('220210', 'TACNA', 'TARATA', 'SITAJARA', '230405', '1'),
('220211', 'TACNA', 'TARATA', 'SUSAPAYA', '230406', '1'),
('220212', 'TACNA', 'TARATA', 'TARUCACHI', '230407', '1'),
('220213', 'TACNA', 'TARATA', 'TICACO', '230408', '1'),
('220301', 'TACNA', 'JORGE BASADRE', 'LOCUMBA', '230301', '1'),
('220302', 'TACNA', 'JORGE BASADRE', 'ITE', '230303', '1'),
('220303', 'TACNA', 'JORGE BASADRE', 'ILABAYA', '230302', '1'),
('220401', 'TACNA', 'CANDARAVE', 'CANDARAVE', '230201', '1'),
('220402', 'TACNA', 'CANDARAVE', 'CAIRANI', '230202', '1'),
('220403', 'TACNA', 'CANDARAVE', 'CURIBAYA', '230204', '1'),
('220404', 'TACNA', 'CANDARAVE', 'HUANUARA', '230205', '1'),
('220405', 'TACNA', 'CANDARAVE', 'QUILAHUANI', '230206', '1'),
('220406', 'TACNA', 'CANDARAVE', 'CAMILACA', '230203', '1'),
('230101', 'TUMBES', 'TUMBES', 'TUMBES', '240101', '0'),
('230102', 'TUMBES', 'TUMBES', 'CORRALES', '240102', '0'),
('230103', 'TUMBES', 'TUMBES', 'LA CRUZ', '240103', '0'),
('230104', 'TUMBES', 'TUMBES', 'PAMPAS DE HOSPITAL', '240104', '0'),
('230105', 'TUMBES', 'TUMBES', 'SAN JACINTO', '240105', '0'),
('230106', 'TUMBES', 'TUMBES', 'SAN JUAN DE LA VIRGEN', '240106', '0'),
('230201', 'TUMBES', 'CONTRALMIRANTE VILLAR', 'ZORRITOS', '240201', '0'),
('230202', 'TUMBES', 'CONTRALMIRANTE VILLAR', 'CASITAS', '240202', '0'),
('230203', 'TUMBES', 'CONTRALMIRANTE VILLAR', 'CANOAS DE PUNTA SAL', '240203', '0'),
('230301', 'TUMBES', 'ZARUMILLA', 'ZARUMILLA', '240301', '0'),
('230302', 'TUMBES', 'ZARUMILLA', 'MATAPALO', '240303', '0'),
('230303', 'TUMBES', 'ZARUMILLA', 'PAPAYAL', '240304', '0'),
('230304', 'TUMBES', 'ZARUMILLA', 'AGUAS VERDES', '240302', '0'),
('240101', 'CALLAO', 'CALLAO', 'CALLAO', '070101', '0'),
('240102', 'CALLAO', 'CALLAO', 'BELLAVISTA', '070102', '0'),
('240103', 'CALLAO', 'CALLAO', 'LA PUNTA', '070105', '0'),
('240104', 'CALLAO', 'CALLAO', 'CARMEN DE LA LEGUA REYNOSO', '070103', '0'),
('240105', 'CALLAO', 'CALLAO', 'LA PERLA', '070104', '0'),
('240106', 'CALLAO', 'CALLAO', 'VENTANILLA', '070106', '0'),
('250101', 'UCAYALI', 'CORONEL PORTILLO', 'CALLERIA', '250101', '0'),
('250102', 'UCAYALI', 'CORONEL PORTILLO', 'YARINACOCHA', '250105', '0'),
('250103', 'UCAYALI', 'CORONEL PORTILLO', 'MASISEA', '250104', '0'),
('250104', 'UCAYALI', 'CORONEL PORTILLO', 'CAMPOVERDE', '250102', '0'),
('250105', 'UCAYALI', 'CORONEL PORTILLO', 'IPARIA', '250103', '0'),
('250106', 'UCAYALI', 'CORONEL PORTILLO', 'NUEVA REQUENA', '250106', '0'),
('250107', 'UCAYALI', 'CORONEL PORTILLO', 'MANANTAY', '250107', '0'),
('250201', 'UCAYALI', 'PADRE ABAD', 'PADRE ABAD', '250301', '1'),
('250202', 'UCAYALI', 'PADRE ABAD', 'IRAZOLA', '250302', '1'),
('250203', 'UCAYALI', 'PADRE ABAD', 'CURIMANA', '250303', '1'),
('250301', 'UCAYALI', 'ATALAYA', 'RAIMONDI', '250201', '1'),
('250302', 'UCAYALI', 'ATALAYA', 'TAHUANIA', '250203', '1'),
('250303', 'UCAYALI', 'ATALAYA', 'YURUA', '250204', '1'),
('250304', 'UCAYALI', 'ATALAYA', 'SEPAHUA', '250202', '1'),
('250401', 'UCAYALI', 'PURUS', 'PURUS', '250401', '1');

-- --------------------------------------------------------

--
-- Estructura de tabla para la tabla `usuario`
--

CREATE TABLE `usuario` (
  `usu_id` int(11) NOT NULL,
  `usu_nombre` varchar(255) NOT NULL,
  `usu_apellido` varchar(255) DEFAULT NULL,
  `usu_rol_id` int(11) NOT NULL,
  `usu_correo` varchar(200) NOT NULL DEFAULT '0',
  `usu_usuario` varchar(50) NOT NULL,
  `usu_clave` varchar(200) NOT NULL,
  `usu_estado` int(1) NOT NULL DEFAULT 1,
  `usu_genero` varchar(1) DEFAULT NULL,
  `usu_foto` varchar(255) DEFAULT NULL
) ENGINE=InnoDB DEFAULT CHARSET=utf8mb4 COLLATE=utf8mb4_general_ci;

--
-- Volcado de datos para la tabla `usuario`
--

INSERT INTO `usuario` (`usu_id`, `usu_nombre`, `usu_apellido`, `usu_rol_id`, `usu_correo`, `usu_usuario`, `usu_clave`, `usu_estado`, `usu_genero`, `usu_foto`) VALUES
(1, 'Admin', 'Admin', 1, 'admin@gmail.com', 'admin@gmail.com', 'MTg3NzE1', 1, NULL, NULL),
(2, 'Maro', 'Bross', 2, 'mario@gmail.com', 'mario@gmail.com', 'MTIzNA==', 1, 'M', 'mario@gmail.com.png'),
(3, 'Usuario', 'Sin foto', 2, 'sinfoto@gmail.com', 'sinfoto@gmail.com', 'MTIz', 1, 'F', NULL);

--
-- Índices para tablas volcadas
--

--
-- Indices de la tabla `archivos`
--
ALTER TABLE `archivos`
  ADD PRIMARY KEY (`arc_id`);

--
-- Indices de la tabla `datos`
--
ALTER TABLE `datos`
  ADD PRIMARY KEY (`dat_id`);

--
-- Indices de la tabla `empresa`
--
ALTER TABLE `empresa`
  ADD PRIMARY KEY (`emp_id`);

--
-- Indices de la tabla `menu`
--
ALTER TABLE `menu`
  ADD PRIMARY KEY (`men_id`);

--
-- Indices de la tabla `permiso`
--
ALTER TABLE `permiso`
  ADD PRIMARY KEY (`pso_id`);

--
-- Indices de la tabla `rol`
--
ALTER TABLE `rol`
  ADD PRIMARY KEY (`rol_id`);

--
-- Indices de la tabla `ubigeo`
--
ALTER TABLE `ubigeo`
  ADD UNIQUE KEY `NewIndex1` (`ubigeo1`),
  ADD KEY `ndx1` (`dpto`,`prov`,`distrito`),
  ADD KEY `index3` (`ubigeo2`);

--
-- Indices de la tabla `usuario`
--
ALTER TABLE `usuario`
  ADD PRIMARY KEY (`usu_id`);

--
-- AUTO_INCREMENT de las tablas volcadas
--

--
-- AUTO_INCREMENT de la tabla `archivos`
--
ALTER TABLE `archivos`
  MODIFY `arc_id` int(11) NOT NULL AUTO_INCREMENT, AUTO_INCREMENT=3;

--
-- AUTO_INCREMENT de la tabla `datos`
--
ALTER TABLE `datos`
  MODIFY `dat_id` int(11) NOT NULL AUTO_INCREMENT, AUTO_INCREMENT=505;

--
-- AUTO_INCREMENT de la tabla `empresa`
--
ALTER TABLE `empresa`
  MODIFY `emp_id` int(11) NOT NULL AUTO_INCREMENT, AUTO_INCREMENT=2;

--
-- AUTO_INCREMENT de la tabla `menu`
--
ALTER TABLE `menu`
  MODIFY `men_id` int(11) NOT NULL AUTO_INCREMENT, AUTO_INCREMENT=41;

--
-- AUTO_INCREMENT de la tabla `permiso`
--
ALTER TABLE `permiso`
  MODIFY `pso_id` int(11) NOT NULL AUTO_INCREMENT, AUTO_INCREMENT=81;

--
-- AUTO_INCREMENT de la tabla `rol`
--
ALTER TABLE `rol`
  MODIFY `rol_id` int(11) NOT NULL AUTO_INCREMENT, AUTO_INCREMENT=12;

--
-- AUTO_INCREMENT de la tabla `usuario`
--
ALTER TABLE `usuario`
  MODIFY `usu_id` int(11) NOT NULL AUTO_INCREMENT, AUTO_INCREMENT=4;
COMMIT;

/*!40101 SET CHARACTER_SET_CLIENT=@OLD_CHARACTER_SET_CLIENT */;
/*!40101 SET CHARACTER_SET_RESULTS=@OLD_CHARACTER_SET_RESULTS */;
/*!40101 SET COLLATION_CONNECTION=@OLD_COLLATION_CONNECTION */;
